{
  "nodes": {
    "Sleep-5": {
      "attributes": {
        "jar_path": "/user/hue/oozie/workspaces/lib/hadoop-examples.jar"
      }
    },
    "Sleep-10": {
      "attributes": {
        "jar_path": "/user/hue/oozie/workspaces/lib/hadoop-examples.jar"
      }
    },
    "Sleep-1": {
      "attributes": {
        "jar_path": "/user/hue/oozie/workspaces/lib/hadoop-examples.jar"
      }
    },
    "Sleep-3": {
      "attributes": {
        "jar_path": "/user/hue/oozie/workspaces/lib/hadoop-examples.jar"
      }
    },
    "Sleep-4": {
      "attributes": {
        "jar_path": "/user/hue/oozie/workspaces/lib/hadoop-examples.jar"
      }
    }
  },
  "attributes": {
    "description": "Example of multiple forks",
    "deployment_dir": "/user/hue/oozie/workspaces/managed/sleepfork"
  }
}
