--
-- PostgreSQL database dump
--

-- Dumped from database version 9.2.24
-- Dumped by pg_dump version 9.5.17

SET statement_timeout = 0;
SET lock_timeout = 0;
SET client_encoding = 'UTF8';
SET standard_conforming_strings = on;
SELECT pg_catalog.set_config('search_path', '', false);
SET check_function_bodies = false;
SET xmloption = content;
SET client_min_messages = warning;
SET row_security = off;

--
-- Name: plpgsql; Type: EXTENSION; Schema: -; Owner: 
--

CREATE EXTENSION IF NOT EXISTS plpgsql WITH SCHEMA pg_catalog;


--
-- Name: EXTENSION plpgsql; Type: COMMENT; Schema: -; Owner: 
--

COMMENT ON EXTENSION plpgsql IS 'PL/pgSQL procedural language';


SET default_tablespace = '';

SET default_with_oids = false;

--
-- Name: auth_group; Type: TABLE; Schema: public; Owner: huedb
--

CREATE TABLE public.auth_group (
    id integer NOT NULL,
    name character varying(80) NOT NULL
);


ALTER TABLE public.auth_group OWNER TO huedb;

--
-- Name: auth_group_id_seq; Type: SEQUENCE; Schema: public; Owner: huedb
--

CREATE SEQUENCE public.auth_group_id_seq
    START WITH 1
    INCREMENT BY 1
    NO MINVALUE
    NO MAXVALUE
    CACHE 1;


ALTER TABLE public.auth_group_id_seq OWNER TO huedb;

--
-- Name: auth_group_id_seq; Type: SEQUENCE OWNED BY; Schema: public; Owner: huedb
--

ALTER SEQUENCE public.auth_group_id_seq OWNED BY public.auth_group.id;


--
-- Name: auth_group_permissions; Type: TABLE; Schema: public; Owner: huedb
--

CREATE TABLE public.auth_group_permissions (
    id integer NOT NULL,
    group_id integer NOT NULL,
    permission_id integer NOT NULL
);


ALTER TABLE public.auth_group_permissions OWNER TO huedb;

--
-- Name: auth_group_permissions_id_seq; Type: SEQUENCE; Schema: public; Owner: huedb
--

CREATE SEQUENCE public.auth_group_permissions_id_seq
    START WITH 1
    INCREMENT BY 1
    NO MINVALUE
    NO MAXVALUE
    CACHE 1;


ALTER TABLE public.auth_group_permissions_id_seq OWNER TO huedb;

--
-- Name: auth_group_permissions_id_seq; Type: SEQUENCE OWNED BY; Schema: public; Owner: huedb
--

ALTER SEQUENCE public.auth_group_permissions_id_seq OWNED BY public.auth_group_permissions.id;


--
-- Name: auth_permission; Type: TABLE; Schema: public; Owner: huedb
--

CREATE TABLE public.auth_permission (
    id integer NOT NULL,
    name character varying(255) NOT NULL,
    content_type_id integer NOT NULL,
    codename character varying(100) NOT NULL
);


ALTER TABLE public.auth_permission OWNER TO huedb;

--
-- Name: auth_permission_id_seq; Type: SEQUENCE; Schema: public; Owner: huedb
--

CREATE SEQUENCE public.auth_permission_id_seq
    START WITH 1
    INCREMENT BY 1
    NO MINVALUE
    NO MAXVALUE
    CACHE 1;


ALTER TABLE public.auth_permission_id_seq OWNER TO huedb;

--
-- Name: auth_permission_id_seq; Type: SEQUENCE OWNED BY; Schema: public; Owner: huedb
--

ALTER SEQUENCE public.auth_permission_id_seq OWNED BY public.auth_permission.id;


--
-- Name: auth_user; Type: TABLE; Schema: public; Owner: huedb
--

CREATE TABLE public.auth_user (
    id integer NOT NULL,
    password character varying(128) NOT NULL,
    last_login timestamp with time zone,
    is_superuser boolean NOT NULL,
    username character varying(150) NOT NULL,
    first_name character varying(30) NOT NULL,
    last_name character varying(30) NOT NULL,
    email character varying(254) NOT NULL,
    is_staff boolean NOT NULL,
    is_active boolean NOT NULL,
    date_joined timestamp with time zone NOT NULL
);


ALTER TABLE public.auth_user OWNER TO huedb;

--
-- Name: auth_user_groups; Type: TABLE; Schema: public; Owner: huedb
--

CREATE TABLE public.auth_user_groups (
    id integer NOT NULL,
    user_id integer NOT NULL,
    group_id integer NOT NULL
);


ALTER TABLE public.auth_user_groups OWNER TO huedb;

--
-- Name: auth_user_groups_id_seq; Type: SEQUENCE; Schema: public; Owner: huedb
--

CREATE SEQUENCE public.auth_user_groups_id_seq
    START WITH 1
    INCREMENT BY 1
    NO MINVALUE
    NO MAXVALUE
    CACHE 1;


ALTER TABLE public.auth_user_groups_id_seq OWNER TO huedb;

--
-- Name: auth_user_groups_id_seq; Type: SEQUENCE OWNED BY; Schema: public; Owner: huedb
--

ALTER SEQUENCE public.auth_user_groups_id_seq OWNED BY public.auth_user_groups.id;


--
-- Name: auth_user_id_seq; Type: SEQUENCE; Schema: public; Owner: huedb
--

CREATE SEQUENCE public.auth_user_id_seq
    START WITH 1
    INCREMENT BY 1
    NO MINVALUE
    NO MAXVALUE
    CACHE 1;


ALTER TABLE public.auth_user_id_seq OWNER TO huedb;

--
-- Name: auth_user_id_seq; Type: SEQUENCE OWNED BY; Schema: public; Owner: huedb
--

ALTER SEQUENCE public.auth_user_id_seq OWNED BY public.auth_user.id;


--
-- Name: auth_user_user_permissions; Type: TABLE; Schema: public; Owner: huedb
--

CREATE TABLE public.auth_user_user_permissions (
    id integer NOT NULL,
    user_id integer NOT NULL,
    permission_id integer NOT NULL
);


ALTER TABLE public.auth_user_user_permissions OWNER TO huedb;

--
-- Name: auth_user_user_permissions_id_seq; Type: SEQUENCE; Schema: public; Owner: huedb
--

CREATE SEQUENCE public.auth_user_user_permissions_id_seq
    START WITH 1
    INCREMENT BY 1
    NO MINVALUE
    NO MAXVALUE
    CACHE 1;


ALTER TABLE public.auth_user_user_permissions_id_seq OWNER TO huedb;

--
-- Name: auth_user_user_permissions_id_seq; Type: SEQUENCE OWNED BY; Schema: public; Owner: huedb
--

ALTER SEQUENCE public.auth_user_user_permissions_id_seq OWNED BY public.auth_user_user_permissions.id;


--
-- Name: axes_accessattempt; Type: TABLE; Schema: public; Owner: huedb
--

CREATE TABLE public.axes_accessattempt (
    id integer NOT NULL,
    user_agent character varying(255) NOT NULL,
    ip_address inet,
    username character varying(255),
    trusted boolean NOT NULL,
    http_accept character varying(1025) NOT NULL,
    path_info character varying(255) NOT NULL,
    attempt_time timestamp with time zone NOT NULL,
    get_data text NOT NULL,
    post_data text NOT NULL,
    failures_since_start integer NOT NULL,
    CONSTRAINT axes_accessattempt_failures_since_start_check CHECK ((failures_since_start >= 0))
);


ALTER TABLE public.axes_accessattempt OWNER TO huedb;

--
-- Name: axes_accessattempt_id_seq; Type: SEQUENCE; Schema: public; Owner: huedb
--

CREATE SEQUENCE public.axes_accessattempt_id_seq
    START WITH 1
    INCREMENT BY 1
    NO MINVALUE
    NO MAXVALUE
    CACHE 1;


ALTER TABLE public.axes_accessattempt_id_seq OWNER TO huedb;

--
-- Name: axes_accessattempt_id_seq; Type: SEQUENCE OWNED BY; Schema: public; Owner: huedb
--

ALTER SEQUENCE public.axes_accessattempt_id_seq OWNED BY public.axes_accessattempt.id;


--
-- Name: axes_accesslog; Type: TABLE; Schema: public; Owner: huedb
--

CREATE TABLE public.axes_accesslog (
    id integer NOT NULL,
    user_agent character varying(255) NOT NULL,
    ip_address inet,
    username character varying(255),
    trusted boolean NOT NULL,
    http_accept character varying(1025) NOT NULL,
    path_info character varying(255) NOT NULL,
    attempt_time timestamp with time zone NOT NULL,
    logout_time timestamp with time zone
);


ALTER TABLE public.axes_accesslog OWNER TO huedb;

--
-- Name: axes_accesslog_id_seq; Type: SEQUENCE; Schema: public; Owner: huedb
--

CREATE SEQUENCE public.axes_accesslog_id_seq
    START WITH 1
    INCREMENT BY 1
    NO MINVALUE
    NO MAXVALUE
    CACHE 1;


ALTER TABLE public.axes_accesslog_id_seq OWNER TO huedb;

--
-- Name: axes_accesslog_id_seq; Type: SEQUENCE OWNED BY; Schema: public; Owner: huedb
--

ALTER SEQUENCE public.axes_accesslog_id_seq OWNED BY public.axes_accesslog.id;


--
-- Name: beeswax_metainstall; Type: TABLE; Schema: public; Owner: huedb
--

CREATE TABLE public.beeswax_metainstall (
    id integer NOT NULL,
    installed_example boolean NOT NULL
);


ALTER TABLE public.beeswax_metainstall OWNER TO huedb;

--
-- Name: beeswax_metainstall_id_seq; Type: SEQUENCE; Schema: public; Owner: huedb
--

CREATE SEQUENCE public.beeswax_metainstall_id_seq
    START WITH 1
    INCREMENT BY 1
    NO MINVALUE
    NO MAXVALUE
    CACHE 1;


ALTER TABLE public.beeswax_metainstall_id_seq OWNER TO huedb;

--
-- Name: beeswax_metainstall_id_seq; Type: SEQUENCE OWNED BY; Schema: public; Owner: huedb
--

ALTER SEQUENCE public.beeswax_metainstall_id_seq OWNED BY public.beeswax_metainstall.id;


--
-- Name: beeswax_queryhistory; Type: TABLE; Schema: public; Owner: huedb
--

CREATE TABLE public.beeswax_queryhistory (
    id integer NOT NULL,
    query text NOT NULL,
    last_state integer NOT NULL,
    has_results boolean NOT NULL,
    submission_date timestamp with time zone NOT NULL,
    server_id character varying(1024),
    server_guid character varying(1024),
    statement_number smallint NOT NULL,
    operation_type smallint,
    modified_row_count double precision,
    log_context character varying(1024),
    server_host character varying(128) NOT NULL,
    server_port integer NOT NULL,
    server_name character varying(128) NOT NULL,
    server_type character varying(128) NOT NULL,
    query_type smallint NOT NULL,
    notify boolean NOT NULL,
    is_redacted boolean NOT NULL,
    extra text NOT NULL,
    is_cleared boolean NOT NULL,
    design_id integer,
    owner_id integer NOT NULL,
    CONSTRAINT beeswax_queryhistory_server_port_check CHECK ((server_port >= 0))
);


ALTER TABLE public.beeswax_queryhistory OWNER TO huedb;

--
-- Name: beeswax_queryhistory_id_seq; Type: SEQUENCE; Schema: public; Owner: huedb
--

CREATE SEQUENCE public.beeswax_queryhistory_id_seq
    START WITH 1
    INCREMENT BY 1
    NO MINVALUE
    NO MAXVALUE
    CACHE 1;


ALTER TABLE public.beeswax_queryhistory_id_seq OWNER TO huedb;

--
-- Name: beeswax_queryhistory_id_seq; Type: SEQUENCE OWNED BY; Schema: public; Owner: huedb
--

ALTER SEQUENCE public.beeswax_queryhistory_id_seq OWNED BY public.beeswax_queryhistory.id;


--
-- Name: beeswax_savedquery; Type: TABLE; Schema: public; Owner: huedb
--

CREATE TABLE public.beeswax_savedquery (
    id integer NOT NULL,
    type integer NOT NULL,
    data text NOT NULL,
    name character varying(80) NOT NULL,
    "desc" text NOT NULL,
    mtime timestamp with time zone NOT NULL,
    is_auto boolean NOT NULL,
    is_trashed boolean NOT NULL,
    is_redacted boolean NOT NULL,
    owner_id integer NOT NULL
);


ALTER TABLE public.beeswax_savedquery OWNER TO huedb;

--
-- Name: beeswax_savedquery_id_seq; Type: SEQUENCE; Schema: public; Owner: huedb
--

CREATE SEQUENCE public.beeswax_savedquery_id_seq
    START WITH 1
    INCREMENT BY 1
    NO MINVALUE
    NO MAXVALUE
    CACHE 1;


ALTER TABLE public.beeswax_savedquery_id_seq OWNER TO huedb;

--
-- Name: beeswax_savedquery_id_seq; Type: SEQUENCE OWNED BY; Schema: public; Owner: huedb
--

ALTER SEQUENCE public.beeswax_savedquery_id_seq OWNED BY public.beeswax_savedquery.id;


--
-- Name: beeswax_session; Type: TABLE; Schema: public; Owner: huedb
--

CREATE TABLE public.beeswax_session (
    id integer NOT NULL,
    status_code smallint NOT NULL,
    secret text NOT NULL,
    guid text NOT NULL,
    server_protocol_version smallint NOT NULL,
    last_used timestamp with time zone NOT NULL,
    application character varying(128) NOT NULL,
    properties text NOT NULL,
    owner_id integer NOT NULL,
    CONSTRAINT beeswax_session_status_code_check CHECK ((status_code >= 0))
);


ALTER TABLE public.beeswax_session OWNER TO huedb;

--
-- Name: beeswax_session_id_seq; Type: SEQUENCE; Schema: public; Owner: huedb
--

CREATE SEQUENCE public.beeswax_session_id_seq
    START WITH 1
    INCREMENT BY 1
    NO MINVALUE
    NO MAXVALUE
    CACHE 1;


ALTER TABLE public.beeswax_session_id_seq OWNER TO huedb;

--
-- Name: beeswax_session_id_seq; Type: SEQUENCE OWNED BY; Schema: public; Owner: huedb
--

ALTER SEQUENCE public.beeswax_session_id_seq OWNED BY public.beeswax_session.id;


--
-- Name: defaultconfiguration_groups; Type: TABLE; Schema: public; Owner: huedb
--

CREATE TABLE public.defaultconfiguration_groups (
    id integer NOT NULL,
    defaultconfiguration_id integer NOT NULL,
    group_id integer NOT NULL
);


ALTER TABLE public.defaultconfiguration_groups OWNER TO huedb;

--
-- Name: defaultconfiguration_groups_id_seq; Type: SEQUENCE; Schema: public; Owner: huedb
--

CREATE SEQUENCE public.defaultconfiguration_groups_id_seq
    START WITH 1
    INCREMENT BY 1
    NO MINVALUE
    NO MAXVALUE
    CACHE 1;


ALTER TABLE public.defaultconfiguration_groups_id_seq OWNER TO huedb;

--
-- Name: defaultconfiguration_groups_id_seq; Type: SEQUENCE OWNED BY; Schema: public; Owner: huedb
--

ALTER SEQUENCE public.defaultconfiguration_groups_id_seq OWNED BY public.defaultconfiguration_groups.id;


--
-- Name: desktop_defaultconfiguration; Type: TABLE; Schema: public; Owner: huedb
--

CREATE TABLE public.desktop_defaultconfiguration (
    id integer NOT NULL,
    app character varying(32) NOT NULL,
    properties text NOT NULL,
    is_default boolean NOT NULL,
    user_id integer
);


ALTER TABLE public.desktop_defaultconfiguration OWNER TO huedb;

--
-- Name: desktop_defaultconfiguration_id_seq; Type: SEQUENCE; Schema: public; Owner: huedb
--

CREATE SEQUENCE public.desktop_defaultconfiguration_id_seq
    START WITH 1
    INCREMENT BY 1
    NO MINVALUE
    NO MAXVALUE
    CACHE 1;


ALTER TABLE public.desktop_defaultconfiguration_id_seq OWNER TO huedb;

--
-- Name: desktop_defaultconfiguration_id_seq; Type: SEQUENCE OWNED BY; Schema: public; Owner: huedb
--

ALTER SEQUENCE public.desktop_defaultconfiguration_id_seq OWNED BY public.desktop_defaultconfiguration.id;


--
-- Name: desktop_document; Type: TABLE; Schema: public; Owner: huedb
--

CREATE TABLE public.desktop_document (
    id integer NOT NULL,
    name character varying(255) NOT NULL,
    description text NOT NULL,
    last_modified timestamp with time zone NOT NULL,
    version smallint NOT NULL,
    extra text NOT NULL,
    object_id integer NOT NULL,
    content_type_id integer NOT NULL,
    owner_id integer NOT NULL,
    CONSTRAINT desktop_document_object_id_check CHECK ((object_id >= 0))
);


ALTER TABLE public.desktop_document OWNER TO huedb;

--
-- Name: desktop_document2; Type: TABLE; Schema: public; Owner: huedb
--

CREATE TABLE public.desktop_document2 (
    id integer NOT NULL,
    name character varying(255) NOT NULL,
    description text NOT NULL,
    uuid character varying(36) NOT NULL,
    type character varying(32) NOT NULL,
    data text NOT NULL,
    extra text NOT NULL,
    last_modified timestamp with time zone NOT NULL,
    version smallint NOT NULL,
    is_history boolean NOT NULL,
    owner_id integer NOT NULL,
    parent_directory_id integer,
    search text,
    is_trashed boolean,
    is_managed boolean NOT NULL
);


ALTER TABLE public.desktop_document2 OWNER TO huedb;

--
-- Name: desktop_document2_dependencies; Type: TABLE; Schema: public; Owner: huedb
--

CREATE TABLE public.desktop_document2_dependencies (
    id integer NOT NULL,
    from_document2_id integer NOT NULL,
    to_document2_id integer NOT NULL
);


ALTER TABLE public.desktop_document2_dependencies OWNER TO huedb;

--
-- Name: desktop_document2_dependencies_id_seq; Type: SEQUENCE; Schema: public; Owner: huedb
--

CREATE SEQUENCE public.desktop_document2_dependencies_id_seq
    START WITH 1
    INCREMENT BY 1
    NO MINVALUE
    NO MAXVALUE
    CACHE 1;


ALTER TABLE public.desktop_document2_dependencies_id_seq OWNER TO huedb;

--
-- Name: desktop_document2_dependencies_id_seq; Type: SEQUENCE OWNED BY; Schema: public; Owner: huedb
--

ALTER SEQUENCE public.desktop_document2_dependencies_id_seq OWNED BY public.desktop_document2_dependencies.id;


--
-- Name: desktop_document2_id_seq; Type: SEQUENCE; Schema: public; Owner: huedb
--

CREATE SEQUENCE public.desktop_document2_id_seq
    START WITH 1
    INCREMENT BY 1
    NO MINVALUE
    NO MAXVALUE
    CACHE 1;


ALTER TABLE public.desktop_document2_id_seq OWNER TO huedb;

--
-- Name: desktop_document2_id_seq; Type: SEQUENCE OWNED BY; Schema: public; Owner: huedb
--

ALTER SEQUENCE public.desktop_document2_id_seq OWNED BY public.desktop_document2.id;


--
-- Name: desktop_document2permission; Type: TABLE; Schema: public; Owner: huedb
--

CREATE TABLE public.desktop_document2permission (
    id integer NOT NULL,
    perms character varying(10) NOT NULL,
    doc_id integer NOT NULL
);


ALTER TABLE public.desktop_document2permission OWNER TO huedb;

--
-- Name: desktop_document2permission_id_seq; Type: SEQUENCE; Schema: public; Owner: huedb
--

CREATE SEQUENCE public.desktop_document2permission_id_seq
    START WITH 1
    INCREMENT BY 1
    NO MINVALUE
    NO MAXVALUE
    CACHE 1;


ALTER TABLE public.desktop_document2permission_id_seq OWNER TO huedb;

--
-- Name: desktop_document2permission_id_seq; Type: SEQUENCE OWNED BY; Schema: public; Owner: huedb
--

ALTER SEQUENCE public.desktop_document2permission_id_seq OWNED BY public.desktop_document2permission.id;


--
-- Name: desktop_document_id_seq; Type: SEQUENCE; Schema: public; Owner: huedb
--

CREATE SEQUENCE public.desktop_document_id_seq
    START WITH 1
    INCREMENT BY 1
    NO MINVALUE
    NO MAXVALUE
    CACHE 1;


ALTER TABLE public.desktop_document_id_seq OWNER TO huedb;

--
-- Name: desktop_document_id_seq; Type: SEQUENCE OWNED BY; Schema: public; Owner: huedb
--

ALTER SEQUENCE public.desktop_document_id_seq OWNED BY public.desktop_document.id;


--
-- Name: desktop_document_tags; Type: TABLE; Schema: public; Owner: huedb
--

CREATE TABLE public.desktop_document_tags (
    id integer NOT NULL,
    document_id integer NOT NULL,
    documenttag_id integer NOT NULL
);


ALTER TABLE public.desktop_document_tags OWNER TO huedb;

--
-- Name: desktop_document_tags_id_seq; Type: SEQUENCE; Schema: public; Owner: huedb
--

CREATE SEQUENCE public.desktop_document_tags_id_seq
    START WITH 1
    INCREMENT BY 1
    NO MINVALUE
    NO MAXVALUE
    CACHE 1;


ALTER TABLE public.desktop_document_tags_id_seq OWNER TO huedb;

--
-- Name: desktop_document_tags_id_seq; Type: SEQUENCE OWNED BY; Schema: public; Owner: huedb
--

ALTER SEQUENCE public.desktop_document_tags_id_seq OWNED BY public.desktop_document_tags.id;


--
-- Name: desktop_documentpermission; Type: TABLE; Schema: public; Owner: huedb
--

CREATE TABLE public.desktop_documentpermission (
    id integer NOT NULL,
    perms character varying(10) NOT NULL,
    doc_id integer NOT NULL
);


ALTER TABLE public.desktop_documentpermission OWNER TO huedb;

--
-- Name: desktop_documentpermission_id_seq; Type: SEQUENCE; Schema: public; Owner: huedb
--

CREATE SEQUENCE public.desktop_documentpermission_id_seq
    START WITH 1
    INCREMENT BY 1
    NO MINVALUE
    NO MAXVALUE
    CACHE 1;


ALTER TABLE public.desktop_documentpermission_id_seq OWNER TO huedb;

--
-- Name: desktop_documentpermission_id_seq; Type: SEQUENCE OWNED BY; Schema: public; Owner: huedb
--

ALTER SEQUENCE public.desktop_documentpermission_id_seq OWNED BY public.desktop_documentpermission.id;


--
-- Name: desktop_documenttag; Type: TABLE; Schema: public; Owner: huedb
--

CREATE TABLE public.desktop_documenttag (
    id integer NOT NULL,
    tag character varying(50) NOT NULL,
    owner_id integer NOT NULL
);


ALTER TABLE public.desktop_documenttag OWNER TO huedb;

--
-- Name: desktop_documenttag_id_seq; Type: SEQUENCE; Schema: public; Owner: huedb
--

CREATE SEQUENCE public.desktop_documenttag_id_seq
    START WITH 1
    INCREMENT BY 1
    NO MINVALUE
    NO MAXVALUE
    CACHE 1;


ALTER TABLE public.desktop_documenttag_id_seq OWNER TO huedb;

--
-- Name: desktop_documenttag_id_seq; Type: SEQUENCE OWNED BY; Schema: public; Owner: huedb
--

ALTER SEQUENCE public.desktop_documenttag_id_seq OWNED BY public.desktop_documenttag.id;


--
-- Name: desktop_settings; Type: TABLE; Schema: public; Owner: huedb
--

CREATE TABLE public.desktop_settings (
    id integer NOT NULL,
    collect_usage boolean NOT NULL,
    tours_and_tutorials boolean NOT NULL
);


ALTER TABLE public.desktop_settings OWNER TO huedb;

--
-- Name: desktop_settings_id_seq; Type: SEQUENCE; Schema: public; Owner: huedb
--

CREATE SEQUENCE public.desktop_settings_id_seq
    START WITH 1
    INCREMENT BY 1
    NO MINVALUE
    NO MAXVALUE
    CACHE 1;


ALTER TABLE public.desktop_settings_id_seq OWNER TO huedb;

--
-- Name: desktop_settings_id_seq; Type: SEQUENCE OWNED BY; Schema: public; Owner: huedb
--

ALTER SEQUENCE public.desktop_settings_id_seq OWNED BY public.desktop_settings.id;


--
-- Name: desktop_userpreferences; Type: TABLE; Schema: public; Owner: huedb
--

CREATE TABLE public.desktop_userpreferences (
    id integer NOT NULL,
    key character varying(20) NOT NULL,
    value text NOT NULL,
    user_id integer NOT NULL
);


ALTER TABLE public.desktop_userpreferences OWNER TO huedb;

--
-- Name: desktop_userpreferences_id_seq; Type: SEQUENCE; Schema: public; Owner: huedb
--

CREATE SEQUENCE public.desktop_userpreferences_id_seq
    START WITH 1
    INCREMENT BY 1
    NO MINVALUE
    NO MAXVALUE
    CACHE 1;


ALTER TABLE public.desktop_userpreferences_id_seq OWNER TO huedb;

--
-- Name: desktop_userpreferences_id_seq; Type: SEQUENCE OWNED BY; Schema: public; Owner: huedb
--

ALTER SEQUENCE public.desktop_userpreferences_id_seq OWNED BY public.desktop_userpreferences.id;


--
-- Name: django_admin_log; Type: TABLE; Schema: public; Owner: huedb
--

CREATE TABLE public.django_admin_log (
    id integer NOT NULL,
    action_time timestamp with time zone NOT NULL,
    object_id text,
    object_repr character varying(200) NOT NULL,
    action_flag smallint NOT NULL,
    change_message text NOT NULL,
    content_type_id integer,
    user_id integer NOT NULL,
    CONSTRAINT django_admin_log_action_flag_check CHECK ((action_flag >= 0))
);


ALTER TABLE public.django_admin_log OWNER TO huedb;

--
-- Name: django_admin_log_id_seq; Type: SEQUENCE; Schema: public; Owner: huedb
--

CREATE SEQUENCE public.django_admin_log_id_seq
    START WITH 1
    INCREMENT BY 1
    NO MINVALUE
    NO MAXVALUE
    CACHE 1;


ALTER TABLE public.django_admin_log_id_seq OWNER TO huedb;

--
-- Name: django_admin_log_id_seq; Type: SEQUENCE OWNED BY; Schema: public; Owner: huedb
--

ALTER SEQUENCE public.django_admin_log_id_seq OWNED BY public.django_admin_log.id;


--
-- Name: django_content_type; Type: TABLE; Schema: public; Owner: huedb
--

CREATE TABLE public.django_content_type (
    id integer NOT NULL,
    app_label character varying(100) NOT NULL,
    model character varying(100) NOT NULL
);


ALTER TABLE public.django_content_type OWNER TO huedb;

--
-- Name: django_content_type_id_seq; Type: SEQUENCE; Schema: public; Owner: huedb
--

CREATE SEQUENCE public.django_content_type_id_seq
    START WITH 1
    INCREMENT BY 1
    NO MINVALUE
    NO MAXVALUE
    CACHE 1;


ALTER TABLE public.django_content_type_id_seq OWNER TO huedb;

--
-- Name: django_content_type_id_seq; Type: SEQUENCE OWNED BY; Schema: public; Owner: huedb
--

ALTER SEQUENCE public.django_content_type_id_seq OWNED BY public.django_content_type.id;


--
-- Name: django_migrations; Type: TABLE; Schema: public; Owner: huedb
--

CREATE TABLE public.django_migrations (
    id integer NOT NULL,
    app character varying(255) NOT NULL,
    name character varying(255) NOT NULL,
    applied timestamp with time zone NOT NULL
);


ALTER TABLE public.django_migrations OWNER TO huedb;

--
-- Name: django_migrations_id_seq; Type: SEQUENCE; Schema: public; Owner: huedb
--

CREATE SEQUENCE public.django_migrations_id_seq
    START WITH 1
    INCREMENT BY 1
    NO MINVALUE
    NO MAXVALUE
    CACHE 1;


ALTER TABLE public.django_migrations_id_seq OWNER TO huedb;

--
-- Name: django_migrations_id_seq; Type: SEQUENCE OWNED BY; Schema: public; Owner: huedb
--

ALTER SEQUENCE public.django_migrations_id_seq OWNED BY public.django_migrations.id;


--
-- Name: django_openid_auth_association; Type: TABLE; Schema: public; Owner: huedb
--

CREATE TABLE public.django_openid_auth_association (
    id integer NOT NULL,
    server_url text NOT NULL,
    handle character varying(255) NOT NULL,
    secret text NOT NULL,
    issued integer NOT NULL,
    lifetime integer NOT NULL,
    assoc_type text NOT NULL
);


ALTER TABLE public.django_openid_auth_association OWNER TO huedb;

--
-- Name: django_openid_auth_association_id_seq; Type: SEQUENCE; Schema: public; Owner: huedb
--

CREATE SEQUENCE public.django_openid_auth_association_id_seq
    START WITH 1
    INCREMENT BY 1
    NO MINVALUE
    NO MAXVALUE
    CACHE 1;


ALTER TABLE public.django_openid_auth_association_id_seq OWNER TO huedb;

--
-- Name: django_openid_auth_association_id_seq; Type: SEQUENCE OWNED BY; Schema: public; Owner: huedb
--

ALTER SEQUENCE public.django_openid_auth_association_id_seq OWNED BY public.django_openid_auth_association.id;


--
-- Name: django_openid_auth_nonce; Type: TABLE; Schema: public; Owner: huedb
--

CREATE TABLE public.django_openid_auth_nonce (
    id integer NOT NULL,
    server_url character varying(2000) NOT NULL,
    "timestamp" integer NOT NULL,
    salt character varying(40) NOT NULL
);


ALTER TABLE public.django_openid_auth_nonce OWNER TO huedb;

--
-- Name: django_openid_auth_nonce_id_seq; Type: SEQUENCE; Schema: public; Owner: huedb
--

CREATE SEQUENCE public.django_openid_auth_nonce_id_seq
    START WITH 1
    INCREMENT BY 1
    NO MINVALUE
    NO MAXVALUE
    CACHE 1;


ALTER TABLE public.django_openid_auth_nonce_id_seq OWNER TO huedb;

--
-- Name: django_openid_auth_nonce_id_seq; Type: SEQUENCE OWNED BY; Schema: public; Owner: huedb
--

ALTER SEQUENCE public.django_openid_auth_nonce_id_seq OWNED BY public.django_openid_auth_nonce.id;


--
-- Name: django_openid_auth_useropenid; Type: TABLE; Schema: public; Owner: huedb
--

CREATE TABLE public.django_openid_auth_useropenid (
    id integer NOT NULL,
    claimed_id text NOT NULL,
    display_id text NOT NULL,
    user_id integer NOT NULL
);


ALTER TABLE public.django_openid_auth_useropenid OWNER TO huedb;

--
-- Name: django_openid_auth_useropenid_id_seq; Type: SEQUENCE; Schema: public; Owner: huedb
--

CREATE SEQUENCE public.django_openid_auth_useropenid_id_seq
    START WITH 1
    INCREMENT BY 1
    NO MINVALUE
    NO MAXVALUE
    CACHE 1;


ALTER TABLE public.django_openid_auth_useropenid_id_seq OWNER TO huedb;

--
-- Name: django_openid_auth_useropenid_id_seq; Type: SEQUENCE OWNED BY; Schema: public; Owner: huedb
--

ALTER SEQUENCE public.django_openid_auth_useropenid_id_seq OWNED BY public.django_openid_auth_useropenid.id;


--
-- Name: django_session; Type: TABLE; Schema: public; Owner: huedb
--

CREATE TABLE public.django_session (
    session_key character varying(40) NOT NULL,
    session_data text NOT NULL,
    expire_date timestamp with time zone NOT NULL
);


ALTER TABLE public.django_session OWNER TO huedb;

--
-- Name: django_site; Type: TABLE; Schema: public; Owner: huedb
--

CREATE TABLE public.django_site (
    id integer NOT NULL,
    domain character varying(100) NOT NULL,
    name character varying(50) NOT NULL
);


ALTER TABLE public.django_site OWNER TO huedb;

--
-- Name: django_site_id_seq; Type: SEQUENCE; Schema: public; Owner: huedb
--

CREATE SEQUENCE public.django_site_id_seq
    START WITH 1
    INCREMENT BY 1
    NO MINVALUE
    NO MAXVALUE
    CACHE 1;


ALTER TABLE public.django_site_id_seq OWNER TO huedb;

--
-- Name: django_site_id_seq; Type: SEQUENCE OWNED BY; Schema: public; Owner: huedb
--

ALTER SEQUENCE public.django_site_id_seq OWNED BY public.django_site.id;


--
-- Name: documentpermission2_groups; Type: TABLE; Schema: public; Owner: huedb
--

CREATE TABLE public.documentpermission2_groups (
    id integer NOT NULL,
    document2permission_id integer NOT NULL,
    group_id integer NOT NULL
);


ALTER TABLE public.documentpermission2_groups OWNER TO huedb;

--
-- Name: documentpermission2_groups_id_seq; Type: SEQUENCE; Schema: public; Owner: huedb
--

CREATE SEQUENCE public.documentpermission2_groups_id_seq
    START WITH 1
    INCREMENT BY 1
    NO MINVALUE
    NO MAXVALUE
    CACHE 1;


ALTER TABLE public.documentpermission2_groups_id_seq OWNER TO huedb;

--
-- Name: documentpermission2_groups_id_seq; Type: SEQUENCE OWNED BY; Schema: public; Owner: huedb
--

ALTER SEQUENCE public.documentpermission2_groups_id_seq OWNED BY public.documentpermission2_groups.id;


--
-- Name: documentpermission2_users; Type: TABLE; Schema: public; Owner: huedb
--

CREATE TABLE public.documentpermission2_users (
    id integer NOT NULL,
    document2permission_id integer NOT NULL,
    user_id integer NOT NULL
);


ALTER TABLE public.documentpermission2_users OWNER TO huedb;

--
-- Name: documentpermission2_users_id_seq; Type: SEQUENCE; Schema: public; Owner: huedb
--

CREATE SEQUENCE public.documentpermission2_users_id_seq
    START WITH 1
    INCREMENT BY 1
    NO MINVALUE
    NO MAXVALUE
    CACHE 1;


ALTER TABLE public.documentpermission2_users_id_seq OWNER TO huedb;

--
-- Name: documentpermission2_users_id_seq; Type: SEQUENCE OWNED BY; Schema: public; Owner: huedb
--

ALTER SEQUENCE public.documentpermission2_users_id_seq OWNED BY public.documentpermission2_users.id;


--
-- Name: documentpermission_groups; Type: TABLE; Schema: public; Owner: huedb
--

CREATE TABLE public.documentpermission_groups (
    id integer NOT NULL,
    documentpermission_id integer NOT NULL,
    group_id integer NOT NULL
);


ALTER TABLE public.documentpermission_groups OWNER TO huedb;

--
-- Name: documentpermission_groups_id_seq; Type: SEQUENCE; Schema: public; Owner: huedb
--

CREATE SEQUENCE public.documentpermission_groups_id_seq
    START WITH 1
    INCREMENT BY 1
    NO MINVALUE
    NO MAXVALUE
    CACHE 1;


ALTER TABLE public.documentpermission_groups_id_seq OWNER TO huedb;

--
-- Name: documentpermission_groups_id_seq; Type: SEQUENCE OWNED BY; Schema: public; Owner: huedb
--

ALTER SEQUENCE public.documentpermission_groups_id_seq OWNED BY public.documentpermission_groups.id;


--
-- Name: documentpermission_users; Type: TABLE; Schema: public; Owner: huedb
--

CREATE TABLE public.documentpermission_users (
    id integer NOT NULL,
    documentpermission_id integer NOT NULL,
    user_id integer NOT NULL
);


ALTER TABLE public.documentpermission_users OWNER TO huedb;

--
-- Name: documentpermission_users_id_seq; Type: SEQUENCE; Schema: public; Owner: huedb
--

CREATE SEQUENCE public.documentpermission_users_id_seq
    START WITH 1
    INCREMENT BY 1
    NO MINVALUE
    NO MAXVALUE
    CACHE 1;


ALTER TABLE public.documentpermission_users_id_seq OWNER TO huedb;

--
-- Name: documentpermission_users_id_seq; Type: SEQUENCE OWNED BY; Schema: public; Owner: huedb
--

ALTER SEQUENCE public.documentpermission_users_id_seq OWNED BY public.documentpermission_users.id;


--
-- Name: jobsub_checkforsetup; Type: TABLE; Schema: public; Owner: huedb
--

CREATE TABLE public.jobsub_checkforsetup (
    id integer NOT NULL,
    setup_run boolean NOT NULL,
    setup_level integer NOT NULL
);


ALTER TABLE public.jobsub_checkforsetup OWNER TO huedb;

--
-- Name: jobsub_checkforsetup_id_seq; Type: SEQUENCE; Schema: public; Owner: huedb
--

CREATE SEQUENCE public.jobsub_checkforsetup_id_seq
    START WITH 1
    INCREMENT BY 1
    NO MINVALUE
    NO MAXVALUE
    CACHE 1;


ALTER TABLE public.jobsub_checkforsetup_id_seq OWNER TO huedb;

--
-- Name: jobsub_checkforsetup_id_seq; Type: SEQUENCE OWNED BY; Schema: public; Owner: huedb
--

ALTER SEQUENCE public.jobsub_checkforsetup_id_seq OWNED BY public.jobsub_checkforsetup.id;


--
-- Name: jobsub_jobdesign; Type: TABLE; Schema: public; Owner: huedb
--

CREATE TABLE public.jobsub_jobdesign (
    id integer NOT NULL,
    name character varying(40) NOT NULL,
    description character varying(1024) NOT NULL,
    last_modified timestamp with time zone NOT NULL,
    type character varying(128) NOT NULL,
    data text NOT NULL,
    owner_id integer NOT NULL
);


ALTER TABLE public.jobsub_jobdesign OWNER TO huedb;

--
-- Name: jobsub_jobdesign_id_seq; Type: SEQUENCE; Schema: public; Owner: huedb
--

CREATE SEQUENCE public.jobsub_jobdesign_id_seq
    START WITH 1
    INCREMENT BY 1
    NO MINVALUE
    NO MAXVALUE
    CACHE 1;


ALTER TABLE public.jobsub_jobdesign_id_seq OWNER TO huedb;

--
-- Name: jobsub_jobdesign_id_seq; Type: SEQUENCE OWNED BY; Schema: public; Owner: huedb
--

ALTER SEQUENCE public.jobsub_jobdesign_id_seq OWNED BY public.jobsub_jobdesign.id;


--
-- Name: jobsub_jobhistory; Type: TABLE; Schema: public; Owner: huedb
--

CREATE TABLE public.jobsub_jobhistory (
    id integer NOT NULL,
    submission_date timestamp with time zone NOT NULL,
    job_id character varying(128) NOT NULL,
    design_id integer NOT NULL,
    owner_id integer NOT NULL
);


ALTER TABLE public.jobsub_jobhistory OWNER TO huedb;

--
-- Name: jobsub_jobhistory_id_seq; Type: SEQUENCE; Schema: public; Owner: huedb
--

CREATE SEQUENCE public.jobsub_jobhistory_id_seq
    START WITH 1
    INCREMENT BY 1
    NO MINVALUE
    NO MAXVALUE
    CACHE 1;


ALTER TABLE public.jobsub_jobhistory_id_seq OWNER TO huedb;

--
-- Name: jobsub_jobhistory_id_seq; Type: SEQUENCE OWNED BY; Schema: public; Owner: huedb
--

ALTER SEQUENCE public.jobsub_jobhistory_id_seq OWNED BY public.jobsub_jobhistory.id;


--
-- Name: jobsub_oozieaction; Type: TABLE; Schema: public; Owner: huedb
--

CREATE TABLE public.jobsub_oozieaction (
    id integer NOT NULL,
    action_type character varying(64) NOT NULL
);


ALTER TABLE public.jobsub_oozieaction OWNER TO huedb;

--
-- Name: jobsub_oozieaction_id_seq; Type: SEQUENCE; Schema: public; Owner: huedb
--

CREATE SEQUENCE public.jobsub_oozieaction_id_seq
    START WITH 1
    INCREMENT BY 1
    NO MINVALUE
    NO MAXVALUE
    CACHE 1;


ALTER TABLE public.jobsub_oozieaction_id_seq OWNER TO huedb;

--
-- Name: jobsub_oozieaction_id_seq; Type: SEQUENCE OWNED BY; Schema: public; Owner: huedb
--

ALTER SEQUENCE public.jobsub_oozieaction_id_seq OWNED BY public.jobsub_oozieaction.id;


--
-- Name: jobsub_ooziedesign; Type: TABLE; Schema: public; Owner: huedb
--

CREATE TABLE public.jobsub_ooziedesign (
    id integer NOT NULL,
    name character varying(64) NOT NULL,
    description character varying(1024) NOT NULL,
    last_modified timestamp with time zone NOT NULL,
    owner_id integer NOT NULL,
    root_action_id integer NOT NULL
);


ALTER TABLE public.jobsub_ooziedesign OWNER TO huedb;

--
-- Name: jobsub_ooziedesign_id_seq; Type: SEQUENCE; Schema: public; Owner: huedb
--

CREATE SEQUENCE public.jobsub_ooziedesign_id_seq
    START WITH 1
    INCREMENT BY 1
    NO MINVALUE
    NO MAXVALUE
    CACHE 1;


ALTER TABLE public.jobsub_ooziedesign_id_seq OWNER TO huedb;

--
-- Name: jobsub_ooziedesign_id_seq; Type: SEQUENCE OWNED BY; Schema: public; Owner: huedb
--

ALTER SEQUENCE public.jobsub_ooziedesign_id_seq OWNED BY public.jobsub_ooziedesign.id;


--
-- Name: jobsub_ooziejavaaction; Type: TABLE; Schema: public; Owner: huedb
--

CREATE TABLE public.jobsub_ooziejavaaction (
    oozieaction_ptr_id integer NOT NULL,
    files character varying(512) NOT NULL,
    archives character varying(512) NOT NULL,
    jar_path character varying(512) NOT NULL,
    main_class character varying(256) NOT NULL,
    args text NOT NULL,
    java_opts character varying(256) NOT NULL,
    job_properties text NOT NULL
);


ALTER TABLE public.jobsub_ooziejavaaction OWNER TO huedb;

--
-- Name: jobsub_ooziemapreduceaction; Type: TABLE; Schema: public; Owner: huedb
--

CREATE TABLE public.jobsub_ooziemapreduceaction (
    oozieaction_ptr_id integer NOT NULL,
    files character varying(512) NOT NULL,
    archives character varying(512) NOT NULL,
    job_properties text NOT NULL,
    jar_path character varying(512) NOT NULL
);


ALTER TABLE public.jobsub_ooziemapreduceaction OWNER TO huedb;

--
-- Name: jobsub_ooziestreamingaction; Type: TABLE; Schema: public; Owner: huedb
--

CREATE TABLE public.jobsub_ooziestreamingaction (
    oozieaction_ptr_id integer NOT NULL,
    files character varying(512) NOT NULL,
    archives character varying(512) NOT NULL,
    job_properties text NOT NULL,
    mapper character varying(512) NOT NULL,
    reducer character varying(512) NOT NULL
);


ALTER TABLE public.jobsub_ooziestreamingaction OWNER TO huedb;

--
-- Name: oozie_bundle; Type: TABLE; Schema: public; Owner: huedb
--

CREATE TABLE public.oozie_bundle (
    job_ptr_id integer NOT NULL,
    kick_off_time timestamp with time zone NOT NULL
);


ALTER TABLE public.oozie_bundle OWNER TO huedb;

--
-- Name: oozie_bundledcoordinator; Type: TABLE; Schema: public; Owner: huedb
--

CREATE TABLE public.oozie_bundledcoordinator (
    id integer NOT NULL,
    parameters text NOT NULL,
    bundle_id integer NOT NULL,
    coordinator_id integer NOT NULL
);


ALTER TABLE public.oozie_bundledcoordinator OWNER TO huedb;

--
-- Name: oozie_bundledcoordinator_id_seq; Type: SEQUENCE; Schema: public; Owner: huedb
--

CREATE SEQUENCE public.oozie_bundledcoordinator_id_seq
    START WITH 1
    INCREMENT BY 1
    NO MINVALUE
    NO MAXVALUE
    CACHE 1;


ALTER TABLE public.oozie_bundledcoordinator_id_seq OWNER TO huedb;

--
-- Name: oozie_bundledcoordinator_id_seq; Type: SEQUENCE OWNED BY; Schema: public; Owner: huedb
--

ALTER SEQUENCE public.oozie_bundledcoordinator_id_seq OWNED BY public.oozie_bundledcoordinator.id;


--
-- Name: oozie_coordinator; Type: TABLE; Schema: public; Owner: huedb
--

CREATE TABLE public.oozie_coordinator (
    job_ptr_id integer NOT NULL,
    frequency_number smallint NOT NULL,
    frequency_unit character varying(20) NOT NULL,
    timezone character varying(24) NOT NULL,
    start timestamp with time zone NOT NULL,
    "end" timestamp with time zone NOT NULL,
    timeout smallint,
    concurrency smallint,
    execution character varying(10),
    throttle smallint,
    job_properties text NOT NULL,
    coordinatorworkflow_id integer,
    CONSTRAINT oozie_coordinator_concurrency_check CHECK ((concurrency >= 0)),
    CONSTRAINT oozie_coordinator_throttle_check CHECK ((throttle >= 0))
);


ALTER TABLE public.oozie_coordinator OWNER TO huedb;

--
-- Name: oozie_datainput; Type: TABLE; Schema: public; Owner: huedb
--

CREATE TABLE public.oozie_datainput (
    id integer NOT NULL,
    name character varying(40) NOT NULL,
    dataset_id integer NOT NULL,
    coordinator_id integer NOT NULL
);


ALTER TABLE public.oozie_datainput OWNER TO huedb;

--
-- Name: oozie_datainput_id_seq; Type: SEQUENCE; Schema: public; Owner: huedb
--

CREATE SEQUENCE public.oozie_datainput_id_seq
    START WITH 1
    INCREMENT BY 1
    NO MINVALUE
    NO MAXVALUE
    CACHE 1;


ALTER TABLE public.oozie_datainput_id_seq OWNER TO huedb;

--
-- Name: oozie_datainput_id_seq; Type: SEQUENCE OWNED BY; Schema: public; Owner: huedb
--

ALTER SEQUENCE public.oozie_datainput_id_seq OWNED BY public.oozie_datainput.id;


--
-- Name: oozie_dataoutput; Type: TABLE; Schema: public; Owner: huedb
--

CREATE TABLE public.oozie_dataoutput (
    id integer NOT NULL,
    name character varying(40) NOT NULL,
    dataset_id integer NOT NULL,
    coordinator_id integer NOT NULL
);


ALTER TABLE public.oozie_dataoutput OWNER TO huedb;

--
-- Name: oozie_dataoutput_id_seq; Type: SEQUENCE; Schema: public; Owner: huedb
--

CREATE SEQUENCE public.oozie_dataoutput_id_seq
    START WITH 1
    INCREMENT BY 1
    NO MINVALUE
    NO MAXVALUE
    CACHE 1;


ALTER TABLE public.oozie_dataoutput_id_seq OWNER TO huedb;

--
-- Name: oozie_dataoutput_id_seq; Type: SEQUENCE OWNED BY; Schema: public; Owner: huedb
--

ALTER SEQUENCE public.oozie_dataoutput_id_seq OWNED BY public.oozie_dataoutput.id;


--
-- Name: oozie_dataset; Type: TABLE; Schema: public; Owner: huedb
--

CREATE TABLE public.oozie_dataset (
    id integer NOT NULL,
    name character varying(40) NOT NULL,
    description character varying(1024) NOT NULL,
    start timestamp with time zone NOT NULL,
    frequency_number smallint NOT NULL,
    frequency_unit character varying(20) NOT NULL,
    uri character varying(1024) NOT NULL,
    timezone character varying(24) NOT NULL,
    done_flag character varying(64) NOT NULL,
    instance_choice character varying(10) NOT NULL,
    advanced_start_instance character varying(128) NOT NULL,
    advanced_end_instance character varying(128) NOT NULL,
    coordinator_id integer NOT NULL
);


ALTER TABLE public.oozie_dataset OWNER TO huedb;

--
-- Name: oozie_dataset_id_seq; Type: SEQUENCE; Schema: public; Owner: huedb
--

CREATE SEQUENCE public.oozie_dataset_id_seq
    START WITH 1
    INCREMENT BY 1
    NO MINVALUE
    NO MAXVALUE
    CACHE 1;


ALTER TABLE public.oozie_dataset_id_seq OWNER TO huedb;

--
-- Name: oozie_dataset_id_seq; Type: SEQUENCE OWNED BY; Schema: public; Owner: huedb
--

ALTER SEQUENCE public.oozie_dataset_id_seq OWNED BY public.oozie_dataset.id;


--
-- Name: oozie_decision; Type: TABLE; Schema: public; Owner: huedb
--

CREATE TABLE public.oozie_decision (
    node_ptr_id integer NOT NULL
);


ALTER TABLE public.oozie_decision OWNER TO huedb;

--
-- Name: oozie_decisionend; Type: TABLE; Schema: public; Owner: huedb
--

CREATE TABLE public.oozie_decisionend (
    node_ptr_id integer NOT NULL
);


ALTER TABLE public.oozie_decisionend OWNER TO huedb;

--
-- Name: oozie_distcp; Type: TABLE; Schema: public; Owner: huedb
--

CREATE TABLE public.oozie_distcp (
    node_ptr_id integer NOT NULL,
    params text NOT NULL,
    job_properties text NOT NULL,
    prepares text NOT NULL,
    job_xml character varying(512) NOT NULL
);


ALTER TABLE public.oozie_distcp OWNER TO huedb;

--
-- Name: oozie_email; Type: TABLE; Schema: public; Owner: huedb
--

CREATE TABLE public.oozie_email (
    node_ptr_id integer NOT NULL,
    "to" text NOT NULL,
    cc text NOT NULL,
    subject text NOT NULL,
    body text NOT NULL
);


ALTER TABLE public.oozie_email OWNER TO huedb;

--
-- Name: oozie_end; Type: TABLE; Schema: public; Owner: huedb
--

CREATE TABLE public.oozie_end (
    node_ptr_id integer NOT NULL
);


ALTER TABLE public.oozie_end OWNER TO huedb;

--
-- Name: oozie_fork; Type: TABLE; Schema: public; Owner: huedb
--

CREATE TABLE public.oozie_fork (
    node_ptr_id integer NOT NULL
);


ALTER TABLE public.oozie_fork OWNER TO huedb;

--
-- Name: oozie_fs; Type: TABLE; Schema: public; Owner: huedb
--

CREATE TABLE public.oozie_fs (
    node_ptr_id integer NOT NULL,
    deletes text NOT NULL,
    mkdirs text NOT NULL,
    moves text NOT NULL,
    chmods text NOT NULL,
    touchzs text NOT NULL
);


ALTER TABLE public.oozie_fs OWNER TO huedb;

--
-- Name: oozie_generic; Type: TABLE; Schema: public; Owner: huedb
--

CREATE TABLE public.oozie_generic (
    node_ptr_id integer NOT NULL,
    xml text NOT NULL
);


ALTER TABLE public.oozie_generic OWNER TO huedb;

--
-- Name: oozie_history; Type: TABLE; Schema: public; Owner: huedb
--

CREATE TABLE public.oozie_history (
    id integer NOT NULL,
    submission_date timestamp with time zone NOT NULL,
    oozie_job_id character varying(128) NOT NULL,
    properties text NOT NULL,
    submitter_id integer NOT NULL,
    job_id integer NOT NULL
);


ALTER TABLE public.oozie_history OWNER TO huedb;

--
-- Name: oozie_history_id_seq; Type: SEQUENCE; Schema: public; Owner: huedb
--

CREATE SEQUENCE public.oozie_history_id_seq
    START WITH 1
    INCREMENT BY 1
    NO MINVALUE
    NO MAXVALUE
    CACHE 1;


ALTER TABLE public.oozie_history_id_seq OWNER TO huedb;

--
-- Name: oozie_history_id_seq; Type: SEQUENCE OWNED BY; Schema: public; Owner: huedb
--

ALTER SEQUENCE public.oozie_history_id_seq OWNED BY public.oozie_history.id;


--
-- Name: oozie_hive; Type: TABLE; Schema: public; Owner: huedb
--

CREATE TABLE public.oozie_hive (
    node_ptr_id integer NOT NULL,
    script_path character varying(256) NOT NULL,
    params text NOT NULL,
    files text NOT NULL,
    archives text NOT NULL,
    job_properties text NOT NULL,
    prepares text NOT NULL,
    job_xml character varying(512) NOT NULL
);


ALTER TABLE public.oozie_hive OWNER TO huedb;

--
-- Name: oozie_java; Type: TABLE; Schema: public; Owner: huedb
--

CREATE TABLE public.oozie_java (
    node_ptr_id integer NOT NULL,
    files text NOT NULL,
    archives text NOT NULL,
    jar_path character varying(512) NOT NULL,
    main_class character varying(256) NOT NULL,
    args text NOT NULL,
    java_opts character varying(256) NOT NULL,
    job_properties text NOT NULL,
    prepares text NOT NULL,
    job_xml character varying(512) NOT NULL,
    capture_output boolean NOT NULL
);


ALTER TABLE public.oozie_java OWNER TO huedb;

--
-- Name: oozie_job; Type: TABLE; Schema: public; Owner: huedb
--

CREATE TABLE public.oozie_job (
    id integer NOT NULL,
    name character varying(255) NOT NULL,
    description character varying(1024) NOT NULL,
    last_modified timestamp with time zone NOT NULL,
    schema_version character varying(128) NOT NULL,
    deployment_dir character varying(1024) NOT NULL,
    is_shared boolean NOT NULL,
    parameters text NOT NULL,
    is_trashed boolean NOT NULL,
    data text NOT NULL,
    owner_id integer NOT NULL
);


ALTER TABLE public.oozie_job OWNER TO huedb;

--
-- Name: oozie_job_id_seq; Type: SEQUENCE; Schema: public; Owner: huedb
--

CREATE SEQUENCE public.oozie_job_id_seq
    START WITH 1
    INCREMENT BY 1
    NO MINVALUE
    NO MAXVALUE
    CACHE 1;


ALTER TABLE public.oozie_job_id_seq OWNER TO huedb;

--
-- Name: oozie_job_id_seq; Type: SEQUENCE OWNED BY; Schema: public; Owner: huedb
--

ALTER SEQUENCE public.oozie_job_id_seq OWNED BY public.oozie_job.id;


--
-- Name: oozie_join; Type: TABLE; Schema: public; Owner: huedb
--

CREATE TABLE public.oozie_join (
    node_ptr_id integer NOT NULL
);


ALTER TABLE public.oozie_join OWNER TO huedb;

--
-- Name: oozie_kill; Type: TABLE; Schema: public; Owner: huedb
--

CREATE TABLE public.oozie_kill (
    node_ptr_id integer NOT NULL,
    message character varying(256) NOT NULL
);


ALTER TABLE public.oozie_kill OWNER TO huedb;

--
-- Name: oozie_link; Type: TABLE; Schema: public; Owner: huedb
--

CREATE TABLE public.oozie_link (
    id integer NOT NULL,
    name character varying(40) NOT NULL,
    comment character varying(1024) NOT NULL,
    child_id integer NOT NULL,
    parent_id integer NOT NULL
);


ALTER TABLE public.oozie_link OWNER TO huedb;

--
-- Name: oozie_link_id_seq; Type: SEQUENCE; Schema: public; Owner: huedb
--

CREATE SEQUENCE public.oozie_link_id_seq
    START WITH 1
    INCREMENT BY 1
    NO MINVALUE
    NO MAXVALUE
    CACHE 1;


ALTER TABLE public.oozie_link_id_seq OWNER TO huedb;

--
-- Name: oozie_link_id_seq; Type: SEQUENCE OWNED BY; Schema: public; Owner: huedb
--

ALTER SEQUENCE public.oozie_link_id_seq OWNED BY public.oozie_link.id;


--
-- Name: oozie_mapreduce; Type: TABLE; Schema: public; Owner: huedb
--

CREATE TABLE public.oozie_mapreduce (
    node_ptr_id integer NOT NULL,
    files text NOT NULL,
    archives text NOT NULL,
    job_properties text NOT NULL,
    jar_path character varying(512) NOT NULL,
    prepares text NOT NULL,
    job_xml character varying(512) NOT NULL
);


ALTER TABLE public.oozie_mapreduce OWNER TO huedb;

--
-- Name: oozie_node; Type: TABLE; Schema: public; Owner: huedb
--

CREATE TABLE public.oozie_node (
    id integer NOT NULL,
    name character varying(255) NOT NULL,
    description character varying(1024) NOT NULL,
    node_type character varying(64) NOT NULL,
    data text NOT NULL,
    workflow_id integer NOT NULL
);


ALTER TABLE public.oozie_node OWNER TO huedb;

--
-- Name: oozie_node_id_seq; Type: SEQUENCE; Schema: public; Owner: huedb
--

CREATE SEQUENCE public.oozie_node_id_seq
    START WITH 1
    INCREMENT BY 1
    NO MINVALUE
    NO MAXVALUE
    CACHE 1;


ALTER TABLE public.oozie_node_id_seq OWNER TO huedb;

--
-- Name: oozie_node_id_seq; Type: SEQUENCE OWNED BY; Schema: public; Owner: huedb
--

ALTER SEQUENCE public.oozie_node_id_seq OWNED BY public.oozie_node.id;


--
-- Name: oozie_pig; Type: TABLE; Schema: public; Owner: huedb
--

CREATE TABLE public.oozie_pig (
    node_ptr_id integer NOT NULL,
    script_path character varying(256) NOT NULL,
    params text NOT NULL,
    files text NOT NULL,
    archives text NOT NULL,
    job_properties text NOT NULL,
    prepares text NOT NULL,
    job_xml character varying(512) NOT NULL
);


ALTER TABLE public.oozie_pig OWNER TO huedb;

--
-- Name: oozie_shell; Type: TABLE; Schema: public; Owner: huedb
--

CREATE TABLE public.oozie_shell (
    node_ptr_id integer NOT NULL,
    command character varying(256) NOT NULL,
    params text NOT NULL,
    files text NOT NULL,
    archives text NOT NULL,
    job_properties text NOT NULL,
    prepares text NOT NULL,
    job_xml character varying(512) NOT NULL,
    capture_output boolean NOT NULL
);


ALTER TABLE public.oozie_shell OWNER TO huedb;

--
-- Name: oozie_sqoop; Type: TABLE; Schema: public; Owner: huedb
--

CREATE TABLE public.oozie_sqoop (
    node_ptr_id integer NOT NULL,
    script_path text NOT NULL,
    params text NOT NULL,
    files text NOT NULL,
    archives text NOT NULL,
    job_properties text NOT NULL,
    prepares text NOT NULL,
    job_xml character varying(512) NOT NULL
);


ALTER TABLE public.oozie_sqoop OWNER TO huedb;

--
-- Name: oozie_ssh; Type: TABLE; Schema: public; Owner: huedb
--

CREATE TABLE public.oozie_ssh (
    node_ptr_id integer NOT NULL,
    "user" character varying(64) NOT NULL,
    host character varying(256) NOT NULL,
    command character varying(256) NOT NULL,
    params text NOT NULL,
    capture_output boolean NOT NULL
);


ALTER TABLE public.oozie_ssh OWNER TO huedb;

--
-- Name: oozie_start; Type: TABLE; Schema: public; Owner: huedb
--

CREATE TABLE public.oozie_start (
    node_ptr_id integer NOT NULL
);


ALTER TABLE public.oozie_start OWNER TO huedb;

--
-- Name: oozie_streaming; Type: TABLE; Schema: public; Owner: huedb
--

CREATE TABLE public.oozie_streaming (
    node_ptr_id integer NOT NULL,
    files text NOT NULL,
    archives text NOT NULL,
    job_properties text NOT NULL,
    mapper character varying(512) NOT NULL,
    reducer character varying(512) NOT NULL
);


ALTER TABLE public.oozie_streaming OWNER TO huedb;

--
-- Name: oozie_subworkflow; Type: TABLE; Schema: public; Owner: huedb
--

CREATE TABLE public.oozie_subworkflow (
    node_ptr_id integer NOT NULL,
    propagate_configuration boolean NOT NULL,
    job_properties text NOT NULL,
    sub_workflow_id integer
);


ALTER TABLE public.oozie_subworkflow OWNER TO huedb;

--
-- Name: oozie_workflow; Type: TABLE; Schema: public; Owner: huedb
--

CREATE TABLE public.oozie_workflow (
    job_ptr_id integer NOT NULL,
    is_single boolean NOT NULL,
    job_xml character varying(512) NOT NULL,
    job_properties text NOT NULL,
    managed boolean NOT NULL,
    end_id integer,
    start_id integer
);


ALTER TABLE public.oozie_workflow OWNER TO huedb;

--
-- Name: pig_document; Type: TABLE; Schema: public; Owner: huedb
--

CREATE TABLE public.pig_document (
    id integer NOT NULL,
    is_design boolean NOT NULL,
    owner_id integer NOT NULL
);


ALTER TABLE public.pig_document OWNER TO huedb;

--
-- Name: pig_document_id_seq; Type: SEQUENCE; Schema: public; Owner: huedb
--

CREATE SEQUENCE public.pig_document_id_seq
    START WITH 1
    INCREMENT BY 1
    NO MINVALUE
    NO MAXVALUE
    CACHE 1;


ALTER TABLE public.pig_document_id_seq OWNER TO huedb;

--
-- Name: pig_document_id_seq; Type: SEQUENCE OWNED BY; Schema: public; Owner: huedb
--

ALTER SEQUENCE public.pig_document_id_seq OWNED BY public.pig_document.id;


--
-- Name: pig_pigscript; Type: TABLE; Schema: public; Owner: huedb
--

CREATE TABLE public.pig_pigscript (
    document_ptr_id integer NOT NULL,
    data text NOT NULL
);


ALTER TABLE public.pig_pigscript OWNER TO huedb;

--
-- Name: useradmin_grouppermission; Type: TABLE; Schema: public; Owner: huedb
--

CREATE TABLE public.useradmin_grouppermission (
    id integer NOT NULL,
    group_id integer NOT NULL,
    hue_permission_id integer NOT NULL
);


ALTER TABLE public.useradmin_grouppermission OWNER TO huedb;

--
-- Name: useradmin_grouppermission_id_seq; Type: SEQUENCE; Schema: public; Owner: huedb
--

CREATE SEQUENCE public.useradmin_grouppermission_id_seq
    START WITH 1
    INCREMENT BY 1
    NO MINVALUE
    NO MAXVALUE
    CACHE 1;


ALTER TABLE public.useradmin_grouppermission_id_seq OWNER TO huedb;

--
-- Name: useradmin_grouppermission_id_seq; Type: SEQUENCE OWNED BY; Schema: public; Owner: huedb
--

ALTER SEQUENCE public.useradmin_grouppermission_id_seq OWNED BY public.useradmin_grouppermission.id;


--
-- Name: useradmin_huepermission; Type: TABLE; Schema: public; Owner: huedb
--

CREATE TABLE public.useradmin_huepermission (
    id integer NOT NULL,
    app character varying(30) NOT NULL,
    action character varying(100) NOT NULL,
    description character varying(255) NOT NULL
);


ALTER TABLE public.useradmin_huepermission OWNER TO huedb;

--
-- Name: useradmin_huepermission_id_seq; Type: SEQUENCE; Schema: public; Owner: huedb
--

CREATE SEQUENCE public.useradmin_huepermission_id_seq
    START WITH 1
    INCREMENT BY 1
    NO MINVALUE
    NO MAXVALUE
    CACHE 1;


ALTER TABLE public.useradmin_huepermission_id_seq OWNER TO huedb;

--
-- Name: useradmin_huepermission_id_seq; Type: SEQUENCE OWNED BY; Schema: public; Owner: huedb
--

ALTER SEQUENCE public.useradmin_huepermission_id_seq OWNED BY public.useradmin_huepermission.id;


--
-- Name: useradmin_ldapgroup; Type: TABLE; Schema: public; Owner: huedb
--

CREATE TABLE public.useradmin_ldapgroup (
    id integer NOT NULL,
    group_id integer NOT NULL
);


ALTER TABLE public.useradmin_ldapgroup OWNER TO huedb;

--
-- Name: useradmin_ldapgroup_id_seq; Type: SEQUENCE; Schema: public; Owner: huedb
--

CREATE SEQUENCE public.useradmin_ldapgroup_id_seq
    START WITH 1
    INCREMENT BY 1
    NO MINVALUE
    NO MAXVALUE
    CACHE 1;


ALTER TABLE public.useradmin_ldapgroup_id_seq OWNER TO huedb;

--
-- Name: useradmin_ldapgroup_id_seq; Type: SEQUENCE OWNED BY; Schema: public; Owner: huedb
--

ALTER SEQUENCE public.useradmin_ldapgroup_id_seq OWNED BY public.useradmin_ldapgroup.id;


--
-- Name: useradmin_userprofile; Type: TABLE; Schema: public; Owner: huedb
--

CREATE TABLE public.useradmin_userprofile (
    id integer NOT NULL,
    home_directory character varying(1024),
    creation_method character varying(64) NOT NULL,
    first_login boolean NOT NULL,
    last_activity timestamp with time zone NOT NULL,
    user_id integer NOT NULL
);


ALTER TABLE public.useradmin_userprofile OWNER TO huedb;

--
-- Name: useradmin_userprofile_id_seq; Type: SEQUENCE; Schema: public; Owner: huedb
--

CREATE SEQUENCE public.useradmin_userprofile_id_seq
    START WITH 1
    INCREMENT BY 1
    NO MINVALUE
    NO MAXVALUE
    CACHE 1;


ALTER TABLE public.useradmin_userprofile_id_seq OWNER TO huedb;

--
-- Name: useradmin_userprofile_id_seq; Type: SEQUENCE OWNED BY; Schema: public; Owner: huedb
--

ALTER SEQUENCE public.useradmin_userprofile_id_seq OWNED BY public.useradmin_userprofile.id;


--
-- Name: id; Type: DEFAULT; Schema: public; Owner: huedb
--

ALTER TABLE ONLY public.auth_group ALTER COLUMN id SET DEFAULT nextval('public.auth_group_id_seq'::regclass);


--
-- Name: id; Type: DEFAULT; Schema: public; Owner: huedb
--

ALTER TABLE ONLY public.auth_group_permissions ALTER COLUMN id SET DEFAULT nextval('public.auth_group_permissions_id_seq'::regclass);


--
-- Name: id; Type: DEFAULT; Schema: public; Owner: huedb
--

ALTER TABLE ONLY public.auth_permission ALTER COLUMN id SET DEFAULT nextval('public.auth_permission_id_seq'::regclass);


--
-- Name: id; Type: DEFAULT; Schema: public; Owner: huedb
--

ALTER TABLE ONLY public.auth_user ALTER COLUMN id SET DEFAULT nextval('public.auth_user_id_seq'::regclass);


--
-- Name: id; Type: DEFAULT; Schema: public; Owner: huedb
--

ALTER TABLE ONLY public.auth_user_groups ALTER COLUMN id SET DEFAULT nextval('public.auth_user_groups_id_seq'::regclass);


--
-- Name: id; Type: DEFAULT; Schema: public; Owner: huedb
--

ALTER TABLE ONLY public.auth_user_user_permissions ALTER COLUMN id SET DEFAULT nextval('public.auth_user_user_permissions_id_seq'::regclass);


--
-- Name: id; Type: DEFAULT; Schema: public; Owner: huedb
--

ALTER TABLE ONLY public.axes_accessattempt ALTER COLUMN id SET DEFAULT nextval('public.axes_accessattempt_id_seq'::regclass);


--
-- Name: id; Type: DEFAULT; Schema: public; Owner: huedb
--

ALTER TABLE ONLY public.axes_accesslog ALTER COLUMN id SET DEFAULT nextval('public.axes_accesslog_id_seq'::regclass);


--
-- Name: id; Type: DEFAULT; Schema: public; Owner: huedb
--

ALTER TABLE ONLY public.beeswax_metainstall ALTER COLUMN id SET DEFAULT nextval('public.beeswax_metainstall_id_seq'::regclass);


--
-- Name: id; Type: DEFAULT; Schema: public; Owner: huedb
--

ALTER TABLE ONLY public.beeswax_queryhistory ALTER COLUMN id SET DEFAULT nextval('public.beeswax_queryhistory_id_seq'::regclass);


--
-- Name: id; Type: DEFAULT; Schema: public; Owner: huedb
--

ALTER TABLE ONLY public.beeswax_savedquery ALTER COLUMN id SET DEFAULT nextval('public.beeswax_savedquery_id_seq'::regclass);


--
-- Name: id; Type: DEFAULT; Schema: public; Owner: huedb
--

ALTER TABLE ONLY public.beeswax_session ALTER COLUMN id SET DEFAULT nextval('public.beeswax_session_id_seq'::regclass);


--
-- Name: id; Type: DEFAULT; Schema: public; Owner: huedb
--

ALTER TABLE ONLY public.defaultconfiguration_groups ALTER COLUMN id SET DEFAULT nextval('public.defaultconfiguration_groups_id_seq'::regclass);


--
-- Name: id; Type: DEFAULT; Schema: public; Owner: huedb
--

ALTER TABLE ONLY public.desktop_defaultconfiguration ALTER COLUMN id SET DEFAULT nextval('public.desktop_defaultconfiguration_id_seq'::regclass);


--
-- Name: id; Type: DEFAULT; Schema: public; Owner: huedb
--

ALTER TABLE ONLY public.desktop_document ALTER COLUMN id SET DEFAULT nextval('public.desktop_document_id_seq'::regclass);


--
-- Name: id; Type: DEFAULT; Schema: public; Owner: huedb
--

ALTER TABLE ONLY public.desktop_document2 ALTER COLUMN id SET DEFAULT nextval('public.desktop_document2_id_seq'::regclass);


--
-- Name: id; Type: DEFAULT; Schema: public; Owner: huedb
--

ALTER TABLE ONLY public.desktop_document2_dependencies ALTER COLUMN id SET DEFAULT nextval('public.desktop_document2_dependencies_id_seq'::regclass);


--
-- Name: id; Type: DEFAULT; Schema: public; Owner: huedb
--

ALTER TABLE ONLY public.desktop_document2permission ALTER COLUMN id SET DEFAULT nextval('public.desktop_document2permission_id_seq'::regclass);


--
-- Name: id; Type: DEFAULT; Schema: public; Owner: huedb
--

ALTER TABLE ONLY public.desktop_document_tags ALTER COLUMN id SET DEFAULT nextval('public.desktop_document_tags_id_seq'::regclass);


--
-- Name: id; Type: DEFAULT; Schema: public; Owner: huedb
--

ALTER TABLE ONLY public.desktop_documentpermission ALTER COLUMN id SET DEFAULT nextval('public.desktop_documentpermission_id_seq'::regclass);


--
-- Name: id; Type: DEFAULT; Schema: public; Owner: huedb
--

ALTER TABLE ONLY public.desktop_documenttag ALTER COLUMN id SET DEFAULT nextval('public.desktop_documenttag_id_seq'::regclass);


--
-- Name: id; Type: DEFAULT; Schema: public; Owner: huedb
--

ALTER TABLE ONLY public.desktop_settings ALTER COLUMN id SET DEFAULT nextval('public.desktop_settings_id_seq'::regclass);


--
-- Name: id; Type: DEFAULT; Schema: public; Owner: huedb
--

ALTER TABLE ONLY public.desktop_userpreferences ALTER COLUMN id SET DEFAULT nextval('public.desktop_userpreferences_id_seq'::regclass);


--
-- Name: id; Type: DEFAULT; Schema: public; Owner: huedb
--

ALTER TABLE ONLY public.django_admin_log ALTER COLUMN id SET DEFAULT nextval('public.django_admin_log_id_seq'::regclass);


--
-- Name: id; Type: DEFAULT; Schema: public; Owner: huedb
--

ALTER TABLE ONLY public.django_content_type ALTER COLUMN id SET DEFAULT nextval('public.django_content_type_id_seq'::regclass);


--
-- Name: id; Type: DEFAULT; Schema: public; Owner: huedb
--

ALTER TABLE ONLY public.django_migrations ALTER COLUMN id SET DEFAULT nextval('public.django_migrations_id_seq'::regclass);


--
-- Name: id; Type: DEFAULT; Schema: public; Owner: huedb
--

ALTER TABLE ONLY public.django_openid_auth_association ALTER COLUMN id SET DEFAULT nextval('public.django_openid_auth_association_id_seq'::regclass);


--
-- Name: id; Type: DEFAULT; Schema: public; Owner: huedb
--

ALTER TABLE ONLY public.django_openid_auth_nonce ALTER COLUMN id SET DEFAULT nextval('public.django_openid_auth_nonce_id_seq'::regclass);


--
-- Name: id; Type: DEFAULT; Schema: public; Owner: huedb
--

ALTER TABLE ONLY public.django_openid_auth_useropenid ALTER COLUMN id SET DEFAULT nextval('public.django_openid_auth_useropenid_id_seq'::regclass);


--
-- Name: id; Type: DEFAULT; Schema: public; Owner: huedb
--

ALTER TABLE ONLY public.django_site ALTER COLUMN id SET DEFAULT nextval('public.django_site_id_seq'::regclass);


--
-- Name: id; Type: DEFAULT; Schema: public; Owner: huedb
--

ALTER TABLE ONLY public.documentpermission2_groups ALTER COLUMN id SET DEFAULT nextval('public.documentpermission2_groups_id_seq'::regclass);


--
-- Name: id; Type: DEFAULT; Schema: public; Owner: huedb
--

ALTER TABLE ONLY public.documentpermission2_users ALTER COLUMN id SET DEFAULT nextval('public.documentpermission2_users_id_seq'::regclass);


--
-- Name: id; Type: DEFAULT; Schema: public; Owner: huedb
--

ALTER TABLE ONLY public.documentpermission_groups ALTER COLUMN id SET DEFAULT nextval('public.documentpermission_groups_id_seq'::regclass);


--
-- Name: id; Type: DEFAULT; Schema: public; Owner: huedb
--

ALTER TABLE ONLY public.documentpermission_users ALTER COLUMN id SET DEFAULT nextval('public.documentpermission_users_id_seq'::regclass);


--
-- Name: id; Type: DEFAULT; Schema: public; Owner: huedb
--

ALTER TABLE ONLY public.jobsub_checkforsetup ALTER COLUMN id SET DEFAULT nextval('public.jobsub_checkforsetup_id_seq'::regclass);


--
-- Name: id; Type: DEFAULT; Schema: public; Owner: huedb
--

ALTER TABLE ONLY public.jobsub_jobdesign ALTER COLUMN id SET DEFAULT nextval('public.jobsub_jobdesign_id_seq'::regclass);


--
-- Name: id; Type: DEFAULT; Schema: public; Owner: huedb
--

ALTER TABLE ONLY public.jobsub_jobhistory ALTER COLUMN id SET DEFAULT nextval('public.jobsub_jobhistory_id_seq'::regclass);


--
-- Name: id; Type: DEFAULT; Schema: public; Owner: huedb
--

ALTER TABLE ONLY public.jobsub_oozieaction ALTER COLUMN id SET DEFAULT nextval('public.jobsub_oozieaction_id_seq'::regclass);


--
-- Name: id; Type: DEFAULT; Schema: public; Owner: huedb
--

ALTER TABLE ONLY public.jobsub_ooziedesign ALTER COLUMN id SET DEFAULT nextval('public.jobsub_ooziedesign_id_seq'::regclass);


--
-- Name: id; Type: DEFAULT; Schema: public; Owner: huedb
--

ALTER TABLE ONLY public.oozie_bundledcoordinator ALTER COLUMN id SET DEFAULT nextval('public.oozie_bundledcoordinator_id_seq'::regclass);


--
-- Name: id; Type: DEFAULT; Schema: public; Owner: huedb
--

ALTER TABLE ONLY public.oozie_datainput ALTER COLUMN id SET DEFAULT nextval('public.oozie_datainput_id_seq'::regclass);


--
-- Name: id; Type: DEFAULT; Schema: public; Owner: huedb
--

ALTER TABLE ONLY public.oozie_dataoutput ALTER COLUMN id SET DEFAULT nextval('public.oozie_dataoutput_id_seq'::regclass);


--
-- Name: id; Type: DEFAULT; Schema: public; Owner: huedb
--

ALTER TABLE ONLY public.oozie_dataset ALTER COLUMN id SET DEFAULT nextval('public.oozie_dataset_id_seq'::regclass);


--
-- Name: id; Type: DEFAULT; Schema: public; Owner: huedb
--

ALTER TABLE ONLY public.oozie_history ALTER COLUMN id SET DEFAULT nextval('public.oozie_history_id_seq'::regclass);


--
-- Name: id; Type: DEFAULT; Schema: public; Owner: huedb
--

ALTER TABLE ONLY public.oozie_job ALTER COLUMN id SET DEFAULT nextval('public.oozie_job_id_seq'::regclass);


--
-- Name: id; Type: DEFAULT; Schema: public; Owner: huedb
--

ALTER TABLE ONLY public.oozie_link ALTER COLUMN id SET DEFAULT nextval('public.oozie_link_id_seq'::regclass);


--
-- Name: id; Type: DEFAULT; Schema: public; Owner: huedb
--

ALTER TABLE ONLY public.oozie_node ALTER COLUMN id SET DEFAULT nextval('public.oozie_node_id_seq'::regclass);


--
-- Name: id; Type: DEFAULT; Schema: public; Owner: huedb
--

ALTER TABLE ONLY public.pig_document ALTER COLUMN id SET DEFAULT nextval('public.pig_document_id_seq'::regclass);


--
-- Name: id; Type: DEFAULT; Schema: public; Owner: huedb
--

ALTER TABLE ONLY public.useradmin_grouppermission ALTER COLUMN id SET DEFAULT nextval('public.useradmin_grouppermission_id_seq'::regclass);


--
-- Name: id; Type: DEFAULT; Schema: public; Owner: huedb
--

ALTER TABLE ONLY public.useradmin_huepermission ALTER COLUMN id SET DEFAULT nextval('public.useradmin_huepermission_id_seq'::regclass);


--
-- Name: id; Type: DEFAULT; Schema: public; Owner: huedb
--

ALTER TABLE ONLY public.useradmin_ldapgroup ALTER COLUMN id SET DEFAULT nextval('public.useradmin_ldapgroup_id_seq'::regclass);


--
-- Name: id; Type: DEFAULT; Schema: public; Owner: huedb
--

ALTER TABLE ONLY public.useradmin_userprofile ALTER COLUMN id SET DEFAULT nextval('public.useradmin_userprofile_id_seq'::regclass);


--
-- Data for Name: auth_group; Type: TABLE DATA; Schema: public; Owner: huedb
--

COPY public.auth_group (id, name) FROM stdin;
1	default
\.


--
-- Name: auth_group_id_seq; Type: SEQUENCE SET; Schema: public; Owner: huedb
--

SELECT pg_catalog.setval('public.auth_group_id_seq', 1, true);


--
-- Data for Name: auth_group_permissions; Type: TABLE DATA; Schema: public; Owner: huedb
--

COPY public.auth_group_permissions (id, group_id, permission_id) FROM stdin;
\.


--
-- Name: auth_group_permissions_id_seq; Type: SEQUENCE SET; Schema: public; Owner: huedb
--

SELECT pg_catalog.setval('public.auth_group_permissions_id_seq', 1, false);


--
-- Data for Name: auth_permission; Type: TABLE DATA; Schema: public; Owner: huedb
--

COPY public.auth_permission (id, name, content_type_id, codename) FROM stdin;
1	Can add group	1	add_group
2	Can change group	1	change_group
3	Can delete group	1	delete_group
4	Can add permission	2	add_permission
5	Can change permission	2	change_permission
6	Can delete permission	2	delete_permission
7	Can add user	3	add_user
8	Can change user	3	change_user
9	Can delete user	3	delete_user
10	Can add user open id	4	add_useropenid
11	Can change user open id	4	change_useropenid
12	Can delete user open id	4	delete_useropenid
13	The OpenID has been verified	4	account_verified
14	Can add nonce	5	add_nonce
15	Can change nonce	5	change_nonce
16	Can delete nonce	5	delete_nonce
17	Can add association	6	add_association
18	Can change association	6	change_association
19	Can delete association	6	delete_association
20	Can add content type	7	add_contenttype
21	Can change content type	7	change_contenttype
22	Can delete content type	7	delete_contenttype
23	Can add session	8	add_session
24	Can change session	8	change_session
25	Can delete session	8	delete_session
26	Can add site	9	add_site
27	Can change site	9	change_site
28	Can delete site	9	delete_site
29	Can add log entry	10	add_logentry
30	Can change log entry	10	change_logentry
31	Can delete log entry	10	delete_logentry
32	Can add default configuration	11	add_defaultconfiguration
33	Can change default configuration	11	change_defaultconfiguration
34	Can delete default configuration	11	delete_defaultconfiguration
35	Can add document	12	add_document
36	Can change document	12	change_document
37	Can delete document	12	delete_document
38	Can add document tag	13	add_documenttag
39	Can change document tag	13	change_documenttag
40	Can delete document tag	13	delete_documenttag
41	Can add document2 permission	14	add_document2permission
42	Can change document2 permission	14	change_document2permission
43	Can delete document2 permission	14	delete_document2permission
44	Can add settings	15	add_settings
45	Can change settings	15	change_settings
46	Can delete settings	15	delete_settings
47	Can add user preferences	16	add_userpreferences
48	Can change user preferences	16	change_userpreferences
49	Can delete user preferences	16	delete_userpreferences
50	Can add document2	17	add_document2
51	Can change document2	17	change_document2
52	Can delete document2	17	delete_document2
53	Can add document permission	18	add_documentpermission
54	Can change document permission	18	change_documentpermission
55	Can delete document permission	18	delete_documentpermission
56	Can add hue user	3	add_hueuser
57	Can change hue user	3	change_hueuser
58	Can delete hue user	3	delete_hueuser
59	Can add directory	17	add_directory
60	Can change directory	17	change_directory
61	Can delete directory	17	delete_directory
62	Can add access log	21	add_accesslog
63	Can change access log	21	change_accesslog
64	Can delete access log	21	delete_accesslog
65	Can add access attempt	22	add_accessattempt
66	Can change access attempt	22	change_accessattempt
67	Can delete access attempt	22	delete_accessattempt
68	Can add session	23	add_session
69	Can change session	23	change_session
70	Can delete session	23	delete_session
71	Can add saved query	24	add_savedquery
72	Can change saved query	24	change_savedquery
73	Can delete saved query	24	delete_savedquery
74	Can add meta install	25	add_metainstall
75	Can change meta install	25	change_metainstall
76	Can delete meta install	25	delete_metainstall
77	Can add query history	26	add_queryhistory
78	Can change query history	26	change_queryhistory
79	Can delete query history	26	delete_queryhistory
80	Can add hive server query history	26	add_hiveserverqueryhistory
81	Can change hive server query history	26	change_hiveserverqueryhistory
82	Can delete hive server query history	26	delete_hiveserverqueryhistory
83	Can add oozie action	28	add_oozieaction
84	Can change oozie action	28	change_oozieaction
85	Can delete oozie action	28	delete_oozieaction
86	Can add check for setup	29	add_checkforsetup
87	Can change check for setup	29	change_checkforsetup
88	Can delete check for setup	29	delete_checkforsetup
89	Can add job history	30	add_jobhistory
90	Can change job history	30	change_jobhistory
91	Can delete job history	30	delete_jobhistory
92	Can add oozie mapreduce action	31	add_ooziemapreduceaction
93	Can change oozie mapreduce action	31	change_ooziemapreduceaction
94	Can delete oozie mapreduce action	31	delete_ooziemapreduceaction
95	Can add job design	32	add_jobdesign
96	Can change job design	32	change_jobdesign
97	Can delete job design	32	delete_jobdesign
98	Can add oozie design	33	add_ooziedesign
99	Can change oozie design	33	change_ooziedesign
100	Can delete oozie design	33	delete_ooziedesign
101	Can add oozie java action	34	add_ooziejavaaction
102	Can change oozie java action	34	change_ooziejavaaction
103	Can delete oozie java action	34	delete_ooziejavaaction
104	Can add oozie streaming action	35	add_ooziestreamingaction
105	Can change oozie streaming action	35	change_ooziestreamingaction
106	Can delete oozie streaming action	35	delete_ooziestreamingaction
107	Can add bundled coordinator	36	add_bundledcoordinator
108	Can change bundled coordinator	36	change_bundledcoordinator
109	Can delete bundled coordinator	36	delete_bundledcoordinator
110	Can add data output	37	add_dataoutput
111	Can change data output	37	change_dataoutput
112	Can delete data output	37	delete_dataoutput
113	Can add history	38	add_history
114	Can change history	38	change_history
115	Can delete history	38	delete_history
116	Can add node	39	add_node
117	Can change node	39	change_node
118	Can delete node	39	delete_node
119	Can add dataset	40	add_dataset
120	Can change dataset	40	change_dataset
121	Can delete dataset	40	delete_dataset
122	Can add dist cp	41	add_distcp
123	Can change dist cp	41	change_distcp
124	Can delete dist cp	41	delete_distcp
125	Can add sub workflow	42	add_subworkflow
126	Can change sub workflow	42	change_subworkflow
127	Can delete sub workflow	42	delete_subworkflow
128	Can add link	43	add_link
129	Can change link	43	change_link
130	Can delete link	43	delete_link
131	Can add data input	44	add_datainput
132	Can change data input	44	change_datainput
133	Can delete data input	44	delete_datainput
134	Can add java	45	add_java
135	Can change java	45	change_java
136	Can delete java	45	delete_java
137	Can add sqoop	46	add_sqoop
138	Can change sqoop	46	change_sqoop
139	Can delete sqoop	46	delete_sqoop
140	Can add streaming	47	add_streaming
141	Can change streaming	47	change_streaming
142	Can delete streaming	47	delete_streaming
143	Can add shell	48	add_shell
144	Can change shell	48	change_shell
145	Can delete shell	48	delete_shell
146	Can add hive	49	add_hive
147	Can change hive	49	change_hive
148	Can delete hive	49	delete_hive
149	Can add fork	50	add_fork
150	Can change fork	50	change_fork
151	Can delete fork	50	delete_fork
152	Can add pig	51	add_pig
153	Can change pig	51	change_pig
154	Can delete pig	51	delete_pig
155	Can add job	52	add_job
156	Can change job	52	change_job
157	Can delete job	52	delete_job
158	Can add start	53	add_start
159	Can change start	53	change_start
160	Can delete start	53	delete_start
161	Can add generic	54	add_generic
162	Can change generic	54	change_generic
163	Can delete generic	54	delete_generic
164	Can add kill	55	add_kill
165	Can change kill	55	change_kill
166	Can delete kill	55	delete_kill
167	Can add fs	56	add_fs
168	Can change fs	56	change_fs
169	Can delete fs	56	delete_fs
170	Can add decision end	57	add_decisionend
171	Can change decision end	57	change_decisionend
172	Can delete decision end	57	delete_decisionend
173	Can add mapreduce	58	add_mapreduce
174	Can change mapreduce	58	change_mapreduce
175	Can delete mapreduce	58	delete_mapreduce
176	Can add join	59	add_join
177	Can change join	59	change_join
178	Can delete join	59	delete_join
179	Can add decision	60	add_decision
180	Can change decision	60	change_decision
181	Can delete decision	60	delete_decision
182	Can add email	61	add_email
183	Can change email	61	change_email
184	Can delete email	61	delete_email
185	Can add workflow	62	add_workflow
186	Can change workflow	62	change_workflow
187	Can delete workflow	62	delete_workflow
188	Can add end	63	add_end
189	Can change end	63	change_end
190	Can delete end	63	delete_end
191	Can add ssh	64	add_ssh
192	Can change ssh	64	change_ssh
193	Can delete ssh	64	delete_ssh
194	Can add bundle	65	add_bundle
195	Can change bundle	65	change_bundle
196	Can delete bundle	65	delete_bundle
197	Can add coordinator	66	add_coordinator
198	Can change coordinator	66	change_coordinator
199	Can delete coordinator	66	delete_coordinator
200	Can add document	67	add_document
201	Can change document	67	change_document
202	Can delete document	67	delete_document
203	Can add pig script	68	add_pigscript
204	Can change pig script	68	change_pigscript
205	Can delete pig script	68	delete_pigscript
206	Can add user profile	69	add_userprofile
207	Can change user profile	69	change_userprofile
208	Can delete user profile	69	delete_userprofile
209	Can add group permission	70	add_grouppermission
210	Can change group permission	70	change_grouppermission
211	Can delete group permission	70	delete_grouppermission
212	Can add hue permission	71	add_huepermission
213	Can change hue permission	71	change_huepermission
214	Can delete hue permission	71	delete_huepermission
215	Can add ldap group	72	add_ldapgroup
216	Can change ldap group	72	change_ldapgroup
217	Can delete ldap group	72	delete_ldapgroup
\.


--
-- Name: auth_permission_id_seq; Type: SEQUENCE SET; Schema: public; Owner: huedb
--

SELECT pg_catalog.setval('public.auth_permission_id_seq', 217, true);


--
-- Data for Name: auth_user; Type: TABLE DATA; Schema: public; Owner: huedb
--

COPY public.auth_user (id, password, last_login, is_superuser, username, first_name, last_name, email, is_staff, is_active, date_joined) FROM stdin;
1	pbkdf2_sha256$36000$QLaF5JoOKMVO$0DMumlSXoCeQ2nBaVhohSJ0UN9wDjw41x4oCtHFe2+o=	2019-06-04 07:34:30.185851-07	t	admin				f	t	2019-06-04 07:34:30.150086-07
1100713	!	\N	f	hue				f	f	2019-06-04 07:35:38.053039-07
\.


--
-- Data for Name: auth_user_groups; Type: TABLE DATA; Schema: public; Owner: huedb
--

COPY public.auth_user_groups (id, user_id, group_id) FROM stdin;
1	1	1
2	1100713	1
\.


--
-- Name: auth_user_groups_id_seq; Type: SEQUENCE SET; Schema: public; Owner: huedb
--

SELECT pg_catalog.setval('public.auth_user_groups_id_seq', 2, true);


--
-- Name: auth_user_id_seq; Type: SEQUENCE SET; Schema: public; Owner: huedb
--

SELECT pg_catalog.setval('public.auth_user_id_seq', 1, true);


--
-- Data for Name: auth_user_user_permissions; Type: TABLE DATA; Schema: public; Owner: huedb
--

COPY public.auth_user_user_permissions (id, user_id, permission_id) FROM stdin;
\.


--
-- Name: auth_user_user_permissions_id_seq; Type: SEQUENCE SET; Schema: public; Owner: huedb
--

SELECT pg_catalog.setval('public.auth_user_user_permissions_id_seq', 1, false);


--
-- Data for Name: axes_accessattempt; Type: TABLE DATA; Schema: public; Owner: huedb
--

COPY public.axes_accessattempt (id, user_agent, ip_address, username, trusted, http_accept, path_info, attempt_time, get_data, post_data, failures_since_start) FROM stdin;
1	python-requests/2.15.1	127.0.0.1	admin	t	*/*	/accounts/login/	2019-06-04 07:34:31.986255-07		username=admin\nserver=Local	0
\.


--
-- Name: axes_accessattempt_id_seq; Type: SEQUENCE SET; Schema: public; Owner: huedb
--

SELECT pg_catalog.setval('public.axes_accessattempt_id_seq', 1, true);


--
-- Data for Name: axes_accesslog; Type: TABLE DATA; Schema: public; Owner: huedb
--

COPY public.axes_accesslog (id, user_agent, ip_address, username, trusted, http_accept, path_info, attempt_time, logout_time) FROM stdin;
1	python-requests/2.15.1	127.0.0.1	admin	t	*/*	/accounts/login/	2019-06-04 07:34:31.981291-07	\N
\.


--
-- Name: axes_accesslog_id_seq; Type: SEQUENCE SET; Schema: public; Owner: huedb
--

SELECT pg_catalog.setval('public.axes_accesslog_id_seq', 1, true);


--
-- Data for Name: beeswax_metainstall; Type: TABLE DATA; Schema: public; Owner: huedb
--

COPY public.beeswax_metainstall (id, installed_example) FROM stdin;
\.


--
-- Name: beeswax_metainstall_id_seq; Type: SEQUENCE SET; Schema: public; Owner: huedb
--

SELECT pg_catalog.setval('public.beeswax_metainstall_id_seq', 1, false);


--
-- Data for Name: beeswax_queryhistory; Type: TABLE DATA; Schema: public; Owner: huedb
--

COPY public.beeswax_queryhistory (id, query, last_state, has_results, submission_date, server_id, server_guid, statement_number, operation_type, modified_row_count, log_context, server_host, server_port, server_name, server_type, query_type, notify, is_redacted, extra, is_cleared, design_id, owner_id) FROM stdin;
\.


--
-- Name: beeswax_queryhistory_id_seq; Type: SEQUENCE SET; Schema: public; Owner: huedb
--

SELECT pg_catalog.setval('public.beeswax_queryhistory_id_seq', 1, false);


--
-- Data for Name: beeswax_savedquery; Type: TABLE DATA; Schema: public; Owner: huedb
--

COPY public.beeswax_savedquery (id, type, data, name, "desc", mtime, is_auto, is_trashed, is_redacted, owner_id) FROM stdin;
1	0	{"query": {"email_notify": false, "query": "SELECT sample_07.description, sample_07.salary\\r\\nFROM\\r\\n  sample_07\\r\\nWHERE\\r\\n( sample_07.salary > 100000)\\r\\nORDER BY sample_07.salary DESC\\r\\nLIMIT 1000", "type": 0, "is_parameterized": false, "database": "default"}, "functions": [], "VERSION": "0.4.1", "file_resources": [], "settings": []}	Sample: Top salary	Top salary 2007 above $100k	2019-06-04 07:35:38.071482-07	f	f	f	1100713
2	0	{"query": {"email_notify": false, "query": "SELECT s07.description, s07.salary, s08.salary,\\r\\n  s08.salary - s07.salary\\r\\nFROM\\r\\n  sample_07 s07 JOIN sample_08 s08\\r\\nON ( s07.code = s08.code)\\r\\nWHERE\\r\\n s07.salary < s08.salary\\r\\nORDER BY s08.salary-s07.salary DESC\\r\\nLIMIT 1000", "type": 0, "is_parameterized": false, "database": "default"}, "functions": [], "VERSION": "0.4.1", "file_resources": [], "settings": []}	Sample: Salary growth	Salary growth (sorted) from 2007-08	2019-06-04 07:35:38.128881-07	f	f	f	1100713
3	0	{"query": {"email_notify": false, "query": "SELECT s07.description, s07.total_emp, s08.total_emp, s07.salary\\r\\nFROM\\r\\n  sample_07 s07 JOIN \\r\\n  sample_08 s08\\r\\nON ( s07.code = s08.code )\\r\\nWHERE\\r\\n( s07.total_emp > s08.total_emp\\r\\n AND s07.salary > 100000 )\\r\\nORDER BY s07.salary DESC\\nLIMIT 1000", "type": 0, "is_parameterized": false, "database": "default"}, "functions": [], "VERSION": "0.4.1", "file_resources": [], "settings": []}	Sample: Job loss	Job loss among the top earners 2007-08	2019-06-04 07:35:38.202819-07	f	f	f	1100713
4	0	{"query": {"email_notify": false, "query": "-- Get email survey opt-in values for all customers\\nSELECT\\r\\n  c.id,\\r\\n  c.name,\\r\\n  c.email_preferences.categories.surveys\\r\\nFROM customers c;\\n\\n\\n\\n-- Select customers for a given shipping ZIP Code\\nSELECT\\r\\n  customers.id,\\r\\n  customers.name\\r\\nFROM customers\\r\\nWHERE customers.addresses['shipping'].zip_code = '76710';\\n\\n\\n\\n-- Compute total amount per order for all customers\\nSELECT\\r\\n  c.id AS customer_id,\\r\\n  c.name AS customer_name,\\r\\n  ords.order_id AS order_id,\\r\\n  SUM(order_items.price * order_items.qty) AS total_amount\\r\\nFROM\\r\\n  customers c\\r\\nLATERAL VIEW EXPLODE(c.orders) o AS ords\\r\\nLATERAL VIEW EXPLODE(ords.items) i AS order_items\\r\\nGROUP BY c.id, c.name, ords.order_id;", "type": 0, "is_parameterized": false, "database": "default"}, "functions": [], "VERSION": "0.4.1", "file_resources": [], "settings": []}	Sample: Customers	Email Survey Opt-Ins, Customers for Shipping ZIP Code, Total Amount per Order	2019-06-04 07:35:38.297473-07	f	f	f	1100713
\.


--
-- Name: beeswax_savedquery_id_seq; Type: SEQUENCE SET; Schema: public; Owner: huedb
--

SELECT pg_catalog.setval('public.beeswax_savedquery_id_seq', 4, true);


--
-- Data for Name: beeswax_session; Type: TABLE DATA; Schema: public; Owner: huedb
--

COPY public.beeswax_session (id, status_code, secret, guid, server_protocol_version, last_used, application, properties, owner_id) FROM stdin;
1	0	ErdVhXbhQ5KrIl69+txVig==\n	GWnUZVZRRBm3BxplSTVE3A==\n	6	2019-06-04 07:35:38.835757-07	beeswax	{"hive.exec.compress.output": "false", "hive.execution.engine": "mr", "hive.exec.parallel": "false", "mapreduce.job.queuename": "default", "hive.map.aggr": "true"}	1
\.


--
-- Name: beeswax_session_id_seq; Type: SEQUENCE SET; Schema: public; Owner: huedb
--

SELECT pg_catalog.setval('public.beeswax_session_id_seq', 1, true);


--
-- Data for Name: defaultconfiguration_groups; Type: TABLE DATA; Schema: public; Owner: huedb
--

COPY public.defaultconfiguration_groups (id, defaultconfiguration_id, group_id) FROM stdin;
\.


--
-- Name: defaultconfiguration_groups_id_seq; Type: SEQUENCE SET; Schema: public; Owner: huedb
--

SELECT pg_catalog.setval('public.defaultconfiguration_groups_id_seq', 1, false);


--
-- Data for Name: desktop_defaultconfiguration; Type: TABLE DATA; Schema: public; Owner: huedb
--

COPY public.desktop_defaultconfiguration (id, app, properties, is_default, user_id) FROM stdin;
\.


--
-- Name: desktop_defaultconfiguration_id_seq; Type: SEQUENCE SET; Schema: public; Owner: huedb
--

SELECT pg_catalog.setval('public.desktop_defaultconfiguration_id_seq', 1, false);


--
-- Data for Name: desktop_document; Type: TABLE DATA; Schema: public; Owner: huedb
--

COPY public.desktop_document (id, name, description, last_modified, version, extra, object_id, content_type_id, owner_id) FROM stdin;
1	Sample: Customers	Email Survey Opt-Ins, Customers for Shipping ZIP Code, Total Amount per Order	2019-06-04 07:35:46.941026-07	1	0	4	24	1100713
2	Sample: Job loss	Job loss among the top earners 2007-08	2019-06-04 07:35:46.949859-07	1	0	3	24	1100713
3	Sample: Salary growth	Salary growth (sorted) from 2007-08	2019-06-04 07:35:46.955249-07	1	0	2	24	1100713
4	Sample: Top salary	Top salary 2007 above $100k	2019-06-04 07:35:46.959662-07	1	0	1	24	1100713
5	Sample: Customers	Email Survey Opt-Ins, Customers for Shipping ZIP Code, Total Amount per Order	2019-06-04 07:35:46.97736-07	1		7	17	1100713
6	Sample: Job loss	Job loss among the top earners 2007-08	2019-06-04 07:35:46.981647-07	1		6	17	1100713
7	Sample: Salary growth	Salary growth (sorted) from 2007-08	2019-06-04 07:35:46.98603-07	1		5	17	1100713
8	Sample: Top salary	Top salary 2007 above $100k	2019-06-04 07:35:46.990254-07	1		4	17	1100713
9	examples		2019-06-04 07:35:46.994566-07	1		3	17	1100713
10	.Trash		2019-06-04 07:35:46.998623-07	1		2	17	1100713
11			2019-06-04 07:35:47.002691-07	1		1	17	1100713
\.


--
-- Data for Name: desktop_document2; Type: TABLE DATA; Schema: public; Owner: huedb
--

COPY public.desktop_document2 (id, name, description, uuid, type, data, extra, last_modified, version, is_history, owner_id, parent_directory_id, search, is_trashed, is_managed) FROM stdin;
1			1fdfff46-5ff6-4309-8f3f-dfc107022b06	directory	{}		2019-06-04 07:35:38.081013-07	1	f	1100713	\N	\N	f	f
2	.Trash		06850069-68a1-43aa-9466-84377c0fbd1c	directory	{}		2019-06-04 07:35:38.08601-07	1	f	1100713	1	\N	f	f
3	examples		95436ad0-bb8f-46b8-bd79-e29ae32d8873	directory	{}		2019-06-04 07:35:38.092436-07	1	f	1100713	1	\N	f	f
4	Sample: Top salary	Top salary 2007 above $100k	bc348539-17fe-4954-9348-bfde72b628ba	query-hive	{"showHistory": true, "description": "Top salary 2007 above $100k", "sessions": [{"type": "hive", "properties": [{"multiple": true, "defaultValue": [], "value": [], "nice_name": "Files", "key": "files", "help_text": "Add one or more files, jars, or archives to the list of resources.", "type": "hdfs-files"}, {"multiple": true, "defaultValue": [], "value": [], "nice_name": "Functions", "key": "functions", "help_text": "Add one or more registered UDFs (requires function name and fully-qualified class name).", "type": "functions"}, {"multiple": true, "defaultValue": [], "value": [], "nice_name": "Settings", "key": "settings", "help_text": "Hive and Hadoop configuration properties.", "type": "settings", "options": ["hive.map.aggr", "hive.exec.compress.output", "hive.exec.parallel", "hive.execution.engine", "mapreduce.job.queuename"]}], "id": null}], "onSuccessUrl": null, "uuid": "bc348539-17fe-4954-9348-bfde72b628ba", "isManaged": false, "isSaved": true, "selectedSnippet": "hive", "skipHistorify": false, "type": "query-hive", "pubSubUrl": null, "snippets": [{"status": "ready", "wasBatchExecuted": false, "compute": {}, "name": "Sample: Top salary", "lastExecuted": -1, "variables": [], "database": "default", "namespace": {}, "statement_raw": "SELECT sample_07.description, sample_07.salary\\r\\nFROM\\r\\n  sample_07\\r\\nWHERE\\r\\n( sample_07.salary > 100000)\\r\\nORDER BY sample_07.salary DESC\\r\\nLIMIT 1000", "properties": {"files": [], "functions": [], "settings": []}, "result": {"handle": {}}, "statement": "SELECT sample_07.description, sample_07.salary\\r\\nFROM\\r\\n  sample_07\\r\\nWHERE\\r\\n( sample_07.salary > 100000)\\r\\nORDER BY sample_07.salary DESC\\r\\nLIMIT 1000", "type": "hive", "id": "191233de-a507-4a02-a37f-6eb6614593cc"}], "name": "Sample: Top salary"}		2019-06-04 07:35:38.096335-07	1	f	1100713	3	\N	f	f
5	Sample: Salary growth	Salary growth (sorted) from 2007-08	78d15811-f228-4247-bc29-69ed26cadbea	query-hive	{"showHistory": true, "description": "Salary growth (sorted) from 2007-08", "sessions": [{"type": "hive", "properties": [{"multiple": true, "defaultValue": [], "value": [], "nice_name": "Files", "key": "files", "help_text": "Add one or more files, jars, or archives to the list of resources.", "type": "hdfs-files"}, {"multiple": true, "defaultValue": [], "value": [], "nice_name": "Functions", "key": "functions", "help_text": "Add one or more registered UDFs (requires function name and fully-qualified class name).", "type": "functions"}, {"multiple": true, "defaultValue": [], "value": [], "nice_name": "Settings", "key": "settings", "help_text": "Hive and Hadoop configuration properties.", "type": "settings", "options": ["hive.map.aggr", "hive.exec.compress.output", "hive.exec.parallel", "hive.execution.engine", "mapreduce.job.queuename"]}], "id": null}], "onSuccessUrl": null, "uuid": "78d15811-f228-4247-bc29-69ed26cadbea", "isManaged": false, "isSaved": true, "selectedSnippet": "hive", "skipHistorify": false, "type": "query-hive", "pubSubUrl": null, "snippets": [{"status": "ready", "wasBatchExecuted": false, "compute": {}, "name": "Sample: Salary growth", "lastExecuted": -1, "variables": [], "database": "default", "namespace": {}, "statement_raw": "SELECT s07.description, s07.salary, s08.salary,\\r\\n  s08.salary - s07.salary\\r\\nFROM\\r\\n  sample_07 s07 JOIN sample_08 s08\\r\\nON ( s07.code = s08.code)\\r\\nWHERE\\r\\n s07.salary < s08.salary\\r\\nORDER BY s08.salary-s07.salary DESC\\r\\nLIMIT 1000", "properties": {"files": [], "functions": [], "settings": []}, "result": {"handle": {}}, "statement": "SELECT s07.description, s07.salary, s08.salary,\\r\\n  s08.salary - s07.salary\\r\\nFROM\\r\\n  sample_07 s07 JOIN sample_08 s08\\r\\nON ( s07.code = s08.code)\\r\\nWHERE\\r\\n s07.salary < s08.salary\\r\\nORDER BY s08.salary-s07.salary DESC\\r\\nLIMIT 1000", "type": "hive", "id": "3ecea8d8-fca5-4e85-9227-7c44d3181178"}], "name": "Sample: Salary growth"}		2019-06-04 07:35:38.136392-07	1	f	1100713	3	\N	f	f
6	Sample: Job loss	Job loss among the top earners 2007-08	f80401ce-5cd5-4908-89a2-e9a9872776b3	query-hive	{"showHistory": true, "description": "Job loss among the top earners 2007-08", "sessions": [{"type": "hive", "properties": [{"multiple": true, "defaultValue": [], "value": [], "nice_name": "Files", "key": "files", "help_text": "Add one or more files, jars, or archives to the list of resources.", "type": "hdfs-files"}, {"multiple": true, "defaultValue": [], "value": [], "nice_name": "Functions", "key": "functions", "help_text": "Add one or more registered UDFs (requires function name and fully-qualified class name).", "type": "functions"}, {"multiple": true, "defaultValue": [], "value": [], "nice_name": "Settings", "key": "settings", "help_text": "Hive and Hadoop configuration properties.", "type": "settings", "options": ["hive.map.aggr", "hive.exec.compress.output", "hive.exec.parallel", "hive.execution.engine", "mapreduce.job.queuename"]}], "id": null}], "onSuccessUrl": null, "uuid": "f80401ce-5cd5-4908-89a2-e9a9872776b3", "isManaged": false, "isSaved": true, "selectedSnippet": "hive", "skipHistorify": false, "type": "query-hive", "pubSubUrl": null, "snippets": [{"status": "ready", "wasBatchExecuted": false, "compute": {}, "name": "Sample: Job loss", "lastExecuted": -1, "variables": [], "database": "default", "namespace": {}, "statement_raw": "SELECT s07.description, s07.total_emp, s08.total_emp, s07.salary\\r\\nFROM\\r\\n  sample_07 s07 JOIN \\r\\n  sample_08 s08\\r\\nON ( s07.code = s08.code )\\r\\nWHERE\\r\\n( s07.total_emp > s08.total_emp\\r\\n AND s07.salary > 100000 )\\r\\nORDER BY s07.salary DESC\\nLIMIT 1000", "properties": {"files": [], "functions": [], "settings": []}, "result": {"handle": {}}, "statement": "SELECT s07.description, s07.total_emp, s08.total_emp, s07.salary\\r\\nFROM\\r\\n  sample_07 s07 JOIN \\r\\n  sample_08 s08\\r\\nON ( s07.code = s08.code )\\r\\nWHERE\\r\\n( s07.total_emp > s08.total_emp\\r\\n AND s07.salary > 100000 )\\r\\nORDER BY s07.salary DESC\\nLIMIT 1000", "type": "hive", "id": "23d92c62-cbb8-4018-8e0e-7ec575138620"}], "name": "Sample: Job loss"}		2019-06-04 07:35:38.213186-07	1	f	1100713	3	\N	f	f
7	Sample: Customers	Email Survey Opt-Ins, Customers for Shipping ZIP Code, Total Amount per Order	74bc6c59-6732-4fe4-b8b5-3ba3e0a9f5bf	query-hive	{"showHistory": true, "description": "Email Survey Opt-Ins, Customers for Shipping ZIP Code, Total Amount per Order", "sessions": [{"type": "hive", "properties": [{"multiple": true, "defaultValue": [], "value": [], "nice_name": "Files", "key": "files", "help_text": "Add one or more files, jars, or archives to the list of resources.", "type": "hdfs-files"}, {"multiple": true, "defaultValue": [], "value": [], "nice_name": "Functions", "key": "functions", "help_text": "Add one or more registered UDFs (requires function name and fully-qualified class name).", "type": "functions"}, {"multiple": true, "defaultValue": [], "value": [], "nice_name": "Settings", "key": "settings", "help_text": "Hive and Hadoop configuration properties.", "type": "settings", "options": ["hive.map.aggr", "hive.exec.compress.output", "hive.exec.parallel", "hive.execution.engine", "mapreduce.job.queuename"]}], "id": null}], "onSuccessUrl": null, "uuid": "74bc6c59-6732-4fe4-b8b5-3ba3e0a9f5bf", "isManaged": false, "isSaved": true, "selectedSnippet": "hive", "skipHistorify": false, "type": "query-hive", "pubSubUrl": null, "snippets": [{"status": "ready", "wasBatchExecuted": false, "compute": {}, "name": "Sample: Customers", "lastExecuted": -1, "variables": [], "database": "default", "namespace": {}, "statement_raw": "-- Get email survey opt-in values for all customers\\nSELECT\\r\\n  c.id,\\r\\n  c.name,\\r\\n  c.email_preferences.categories.surveys\\r\\nFROM customers c;\\n\\n\\n\\n-- Select customers for a given shipping ZIP Code\\nSELECT\\r\\n  customers.id,\\r\\n  customers.name\\r\\nFROM customers\\r\\nWHERE customers.addresses['shipping'].zip_code = '76710';\\n\\n\\n\\n-- Compute total amount per order for all customers\\nSELECT\\r\\n  c.id AS customer_id,\\r\\n  c.name AS customer_name,\\r\\n  ords.order_id AS order_id,\\r\\n  SUM(order_items.price * order_items.qty) AS total_amount\\r\\nFROM\\r\\n  customers c\\r\\nLATERAL VIEW EXPLODE(c.orders) o AS ords\\r\\nLATERAL VIEW EXPLODE(ords.items) i AS order_items\\r\\nGROUP BY c.id, c.name, ords.order_id;", "properties": {"files": [], "functions": [], "settings": []}, "result": {"handle": {}}, "statement": "-- Get email survey opt-in values for all customers\\nSELECT\\r\\n  c.id,\\r\\n  c.name,\\r\\n  c.email_preferences.categories.surveys\\r\\nFROM customers c;\\n\\n\\n\\n-- Select customers for a given shipping ZIP Code\\nSELECT\\r\\n  customers.id,\\r\\n  customers.name\\r\\nFROM customers\\r\\nWHERE customers.addresses['shipping'].zip_code = '76710';\\n\\n\\n\\n-- Compute total amount per order for all customers\\nSELECT\\r\\n  c.id AS customer_id,\\r\\n  c.name AS customer_name,\\r\\n  ords.order_id AS order_id,\\r\\n  SUM(order_items.price * order_items.qty) AS total_amount\\r\\nFROM\\r\\n  customers c\\r\\nLATERAL VIEW EXPLODE(c.orders) o AS ords\\r\\nLATERAL VIEW EXPLODE(ords.items) i AS order_items\\r\\nGROUP BY c.id, c.name, ords.order_id;", "type": "hive", "id": "37d74d6a-dc4b-4fe5-9b2e-62152b5d1b9b"}], "name": "Sample: Customers"}		2019-06-04 07:35:38.305137-07	1	f	1100713	3	\N	f	f
\.


--
-- Data for Name: desktop_document2_dependencies; Type: TABLE DATA; Schema: public; Owner: huedb
--

COPY public.desktop_document2_dependencies (id, from_document2_id, to_document2_id) FROM stdin;
\.


--
-- Name: desktop_document2_dependencies_id_seq; Type: SEQUENCE SET; Schema: public; Owner: huedb
--

SELECT pg_catalog.setval('public.desktop_document2_dependencies_id_seq', 1, false);


--
-- Name: desktop_document2_id_seq; Type: SEQUENCE SET; Schema: public; Owner: huedb
--

SELECT pg_catalog.setval('public.desktop_document2_id_seq', 7, true);


--
-- Data for Name: desktop_document2permission; Type: TABLE DATA; Schema: public; Owner: huedb
--

COPY public.desktop_document2permission (id, perms, doc_id) FROM stdin;
1	read	3
5	read	7
4	read	6
3	read	5
2	read	4
\.


--
-- Name: desktop_document2permission_id_seq; Type: SEQUENCE SET; Schema: public; Owner: huedb
--

SELECT pg_catalog.setval('public.desktop_document2permission_id_seq', 5, true);


--
-- Name: desktop_document_id_seq; Type: SEQUENCE SET; Schema: public; Owner: huedb
--

SELECT pg_catalog.setval('public.desktop_document_id_seq', 11, true);


--
-- Data for Name: desktop_document_tags; Type: TABLE DATA; Schema: public; Owner: huedb
--

COPY public.desktop_document_tags (id, document_id, documenttag_id) FROM stdin;
1	1	1
2	2	1
3	3	1
4	4	1
5	5	1
6	6	1
7	7	1
8	8	1
9	9	1
10	10	1
11	11	1
\.


--
-- Name: desktop_document_tags_id_seq; Type: SEQUENCE SET; Schema: public; Owner: huedb
--

SELECT pg_catalog.setval('public.desktop_document_tags_id_seq', 11, true);


--
-- Data for Name: desktop_documentpermission; Type: TABLE DATA; Schema: public; Owner: huedb
--

COPY public.desktop_documentpermission (id, perms, doc_id) FROM stdin;
\.


--
-- Name: desktop_documentpermission_id_seq; Type: SEQUENCE SET; Schema: public; Owner: huedb
--

SELECT pg_catalog.setval('public.desktop_documentpermission_id_seq', 1, false);


--
-- Data for Name: desktop_documenttag; Type: TABLE DATA; Schema: public; Owner: huedb
--

COPY public.desktop_documenttag (id, tag, owner_id) FROM stdin;
1	default	1100713
\.


--
-- Name: desktop_documenttag_id_seq; Type: SEQUENCE SET; Schema: public; Owner: huedb
--

SELECT pg_catalog.setval('public.desktop_documenttag_id_seq', 1, true);


--
-- Data for Name: desktop_settings; Type: TABLE DATA; Schema: public; Owner: huedb
--

COPY public.desktop_settings (id, collect_usage, tours_and_tutorials) FROM stdin;
1	t	t
\.


--
-- Name: desktop_settings_id_seq; Type: SEQUENCE SET; Schema: public; Owner: huedb
--

SELECT pg_catalog.setval('public.desktop_settings_id_seq', 1, false);


--
-- Data for Name: desktop_userpreferences; Type: TABLE DATA; Schema: public; Owner: huedb
--

COPY public.desktop_userpreferences (id, key, value, user_id) FROM stdin;
\.


--
-- Name: desktop_userpreferences_id_seq; Type: SEQUENCE SET; Schema: public; Owner: huedb
--

SELECT pg_catalog.setval('public.desktop_userpreferences_id_seq', 1, false);


--
-- Data for Name: django_admin_log; Type: TABLE DATA; Schema: public; Owner: huedb
--

COPY public.django_admin_log (id, action_time, object_id, object_repr, action_flag, change_message, content_type_id, user_id) FROM stdin;
\.


--
-- Name: django_admin_log_id_seq; Type: SEQUENCE SET; Schema: public; Owner: huedb
--

SELECT pg_catalog.setval('public.django_admin_log_id_seq', 1, false);


--
-- Data for Name: django_content_type; Type: TABLE DATA; Schema: public; Owner: huedb
--

COPY public.django_content_type (id, app_label, model) FROM stdin;
1	auth	group
2	auth	permission
3	auth	user
4	django_openid_auth	useropenid
5	django_openid_auth	nonce
6	django_openid_auth	association
7	contenttypes	contenttype
8	sessions	session
9	sites	site
10	admin	logentry
11	desktop	defaultconfiguration
12	desktop	document
13	desktop	documenttag
14	desktop	document2permission
15	desktop	settings
16	desktop	userpreferences
17	desktop	document2
18	desktop	documentpermission
19	desktop	hueuser
20	desktop	directory
21	axes	accesslog
22	axes	accessattempt
23	beeswax	session
24	beeswax	savedquery
25	beeswax	metainstall
26	beeswax	queryhistory
27	beeswax	hiveserverqueryhistory
28	jobsub	oozieaction
29	jobsub	checkforsetup
30	jobsub	jobhistory
31	jobsub	ooziemapreduceaction
32	jobsub	jobdesign
33	jobsub	ooziedesign
34	jobsub	ooziejavaaction
35	jobsub	ooziestreamingaction
36	oozie	bundledcoordinator
37	oozie	dataoutput
38	oozie	history
39	oozie	node
40	oozie	dataset
41	oozie	distcp
42	oozie	subworkflow
43	oozie	link
44	oozie	datainput
45	oozie	java
46	oozie	sqoop
47	oozie	streaming
48	oozie	shell
49	oozie	hive
50	oozie	fork
51	oozie	pig
52	oozie	job
53	oozie	start
54	oozie	generic
55	oozie	kill
56	oozie	fs
57	oozie	decisionend
58	oozie	mapreduce
59	oozie	join
60	oozie	decision
61	oozie	email
62	oozie	workflow
63	oozie	end
64	oozie	ssh
65	oozie	bundle
66	oozie	coordinator
67	pig	document
68	pig	pigscript
69	useradmin	userprofile
70	useradmin	grouppermission
71	useradmin	huepermission
72	useradmin	ldapgroup
\.


--
-- Name: django_content_type_id_seq; Type: SEQUENCE SET; Schema: public; Owner: huedb
--

SELECT pg_catalog.setval('public.django_content_type_id_seq', 72, true);


--
-- Data for Name: django_migrations; Type: TABLE DATA; Schema: public; Owner: huedb
--

COPY public.django_migrations (id, app, name, applied) FROM stdin;
1	contenttypes	0001_initial	2019-06-04 07:31:21.582954-07
2	auth	0001_initial	2019-06-04 07:31:22.044818-07
3	admin	0001_initial	2019-06-04 07:31:22.25887-07
4	admin	0002_logentry_remove_auto_add	2019-06-04 07:31:22.347756-07
5	contenttypes	0002_remove_content_type_name	2019-06-04 07:31:22.491535-07
6	auth	0002_alter_permission_name_max_length	2019-06-04 07:31:22.546867-07
7	auth	0003_alter_user_email_max_length	2019-06-04 07:31:22.589358-07
8	auth	0004_alter_user_username_opts	2019-06-04 07:31:22.680868-07
9	auth	0005_alter_user_last_login_null	2019-06-04 07:31:22.769909-07
10	auth	0006_require_contenttypes_0002	2019-06-04 07:31:22.791439-07
11	auth	0007_alter_validators_add_error_messages	2019-06-04 07:31:22.848389-07
12	auth	0008_alter_user_username_max_length	2019-06-04 07:31:22.908585-07
13	axes	0001_initial	2019-06-04 07:31:23.063087-07
14	axes	0002_auto_20151217_2044	2019-06-04 07:31:23.286389-07
15	axes	0003_auto_20160322_0929	2019-06-04 07:31:23.537994-07
16	axes	0004_auto_20190604_0702	2019-06-04 07:31:23.588157-07
17	beeswax	0001_initial	2019-06-04 07:31:24.132668-07
18	desktop	0001_initial	2019-06-04 07:31:28.468652-07
19	desktop	0002_initial	2019-06-04 07:31:29.100171-07
20	desktop	0003_initial	2019-06-04 07:31:29.268159-07
21	desktop	0004_initial	2019-06-04 07:31:29.429996-07
22	desktop	0005_initial	2019-06-04 07:31:29.843524-07
23	desktop	0006_initial	2019-06-04 07:31:30.751094-07
24	desktop	0007_initial	2019-06-04 07:31:31.155815-07
25	django_openid_auth	0001_initial	2019-06-04 07:31:31.645747-07
26	jobsub	0001_initial	2019-06-04 07:31:33.034252-07
27	oozie	0001_initial	2019-06-04 07:31:36.004753-07
28	oozie	0002_initial	2019-06-04 07:31:36.092314-07
29	oozie	0003_initial	2019-06-04 07:31:37.274627-07
30	oozie	0004_initial	2019-06-04 07:31:37.612281-07
31	oozie	0005_initial	2019-06-04 07:31:38.472789-07
32	pig	0001_initial	2019-06-04 07:31:38.714267-07
33	sessions	0001_initial	2019-06-04 07:31:38.748856-07
34	sites	0001_initial	2019-06-04 07:31:38.779463-07
35	sites	0002_alter_domain_unique	2019-06-04 07:31:38.801-07
36	useradmin	0001_initial	2019-06-04 07:31:40.471387-07
\.


--
-- Name: django_migrations_id_seq; Type: SEQUENCE SET; Schema: public; Owner: huedb
--

SELECT pg_catalog.setval('public.django_migrations_id_seq', 36, true);


--
-- Data for Name: django_openid_auth_association; Type: TABLE DATA; Schema: public; Owner: huedb
--

COPY public.django_openid_auth_association (id, server_url, handle, secret, issued, lifetime, assoc_type) FROM stdin;
\.


--
-- Name: django_openid_auth_association_id_seq; Type: SEQUENCE SET; Schema: public; Owner: huedb
--

SELECT pg_catalog.setval('public.django_openid_auth_association_id_seq', 1, false);


--
-- Data for Name: django_openid_auth_nonce; Type: TABLE DATA; Schema: public; Owner: huedb
--

COPY public.django_openid_auth_nonce (id, server_url, "timestamp", salt) FROM stdin;
\.


--
-- Name: django_openid_auth_nonce_id_seq; Type: SEQUENCE SET; Schema: public; Owner: huedb
--

SELECT pg_catalog.setval('public.django_openid_auth_nonce_id_seq', 1, false);


--
-- Data for Name: django_openid_auth_useropenid; Type: TABLE DATA; Schema: public; Owner: huedb
--

COPY public.django_openid_auth_useropenid (id, claimed_id, display_id, user_id) FROM stdin;
\.


--
-- Name: django_openid_auth_useropenid_id_seq; Type: SEQUENCE SET; Schema: public; Owner: huedb
--

SELECT pg_catalog.setval('public.django_openid_auth_useropenid_id_seq', 1, false);


--
-- Data for Name: django_session; Type: TABLE DATA; Schema: public; Owner: huedb
--

COPY public.django_session (session_key, session_data, expire_date) FROM stdin;
npghjutyhrdg5kzzjy6duc5c2jv0zi62	MWUzNWM2MzQ4ZmJkNWVlODE1M2JkMGY1MzBhYzhiNzJiNzgxNjA0OTp7InRlc3Rjb29raWUiOiJ3b3JrZWQifQ==	2019-06-18 07:34:28.205141-07
ngsrns1pops8twsjv1nz2x8hjkvscb6t	NzBjOWUyNWUwNGQyNDljZmQ0MDhjYWQwMWEzNDUxOTJhZDFkNDFiODp7Il9hdXRoX3VzZXJfaGFzaCI6IjczNDlhMWJkZTI5MDAwMzE2MzYyYjJkZThlMzg3OGExMjYyMjc3OTYiLCJfYXV0aF91c2VyX2JhY2tlbmQiOiJkZXNrdG9wLmF1dGguYmFja2VuZC5BbGxvd0ZpcnN0VXNlckRqYW5nb0JhY2tlbmQiLCJfYXV0aF91c2VyX2lkIjoiMSJ9	2019-06-18 07:34:31.991071-07
\.


--
-- Data for Name: django_site; Type: TABLE DATA; Schema: public; Owner: huedb
--

COPY public.django_site (id, domain, name) FROM stdin;
1	example.com	example.com
\.


--
-- Name: django_site_id_seq; Type: SEQUENCE SET; Schema: public; Owner: huedb
--

SELECT pg_catalog.setval('public.django_site_id_seq', 1, true);


--
-- Data for Name: documentpermission2_groups; Type: TABLE DATA; Schema: public; Owner: huedb
--

COPY public.documentpermission2_groups (id, document2permission_id, group_id) FROM stdin;
13	1	1
14	5	1
15	4	1
16	3	1
17	2	1
\.


--
-- Name: documentpermission2_groups_id_seq; Type: SEQUENCE SET; Schema: public; Owner: huedb
--

SELECT pg_catalog.setval('public.documentpermission2_groups_id_seq', 17, true);


--
-- Data for Name: documentpermission2_users; Type: TABLE DATA; Schema: public; Owner: huedb
--

COPY public.documentpermission2_users (id, document2permission_id, user_id) FROM stdin;
\.


--
-- Name: documentpermission2_users_id_seq; Type: SEQUENCE SET; Schema: public; Owner: huedb
--

SELECT pg_catalog.setval('public.documentpermission2_users_id_seq', 1, false);


--
-- Data for Name: documentpermission_groups; Type: TABLE DATA; Schema: public; Owner: huedb
--

COPY public.documentpermission_groups (id, documentpermission_id, group_id) FROM stdin;
\.


--
-- Name: documentpermission_groups_id_seq; Type: SEQUENCE SET; Schema: public; Owner: huedb
--

SELECT pg_catalog.setval('public.documentpermission_groups_id_seq', 1, false);


--
-- Data for Name: documentpermission_users; Type: TABLE DATA; Schema: public; Owner: huedb
--

COPY public.documentpermission_users (id, documentpermission_id, user_id) FROM stdin;
\.


--
-- Name: documentpermission_users_id_seq; Type: SEQUENCE SET; Schema: public; Owner: huedb
--

SELECT pg_catalog.setval('public.documentpermission_users_id_seq', 1, false);


--
-- Data for Name: jobsub_checkforsetup; Type: TABLE DATA; Schema: public; Owner: huedb
--

COPY public.jobsub_checkforsetup (id, setup_run, setup_level) FROM stdin;
\.


--
-- Name: jobsub_checkforsetup_id_seq; Type: SEQUENCE SET; Schema: public; Owner: huedb
--

SELECT pg_catalog.setval('public.jobsub_checkforsetup_id_seq', 1, false);


--
-- Data for Name: jobsub_jobdesign; Type: TABLE DATA; Schema: public; Owner: huedb
--

COPY public.jobsub_jobdesign (id, name, description, last_modified, type, data, owner_id) FROM stdin;
\.


--
-- Name: jobsub_jobdesign_id_seq; Type: SEQUENCE SET; Schema: public; Owner: huedb
--

SELECT pg_catalog.setval('public.jobsub_jobdesign_id_seq', 1, false);


--
-- Data for Name: jobsub_jobhistory; Type: TABLE DATA; Schema: public; Owner: huedb
--

COPY public.jobsub_jobhistory (id, submission_date, job_id, design_id, owner_id) FROM stdin;
\.


--
-- Name: jobsub_jobhistory_id_seq; Type: SEQUENCE SET; Schema: public; Owner: huedb
--

SELECT pg_catalog.setval('public.jobsub_jobhistory_id_seq', 1, false);


--
-- Data for Name: jobsub_oozieaction; Type: TABLE DATA; Schema: public; Owner: huedb
--

COPY public.jobsub_oozieaction (id, action_type) FROM stdin;
\.


--
-- Name: jobsub_oozieaction_id_seq; Type: SEQUENCE SET; Schema: public; Owner: huedb
--

SELECT pg_catalog.setval('public.jobsub_oozieaction_id_seq', 1, false);


--
-- Data for Name: jobsub_ooziedesign; Type: TABLE DATA; Schema: public; Owner: huedb
--

COPY public.jobsub_ooziedesign (id, name, description, last_modified, owner_id, root_action_id) FROM stdin;
\.


--
-- Name: jobsub_ooziedesign_id_seq; Type: SEQUENCE SET; Schema: public; Owner: huedb
--

SELECT pg_catalog.setval('public.jobsub_ooziedesign_id_seq', 1, false);


--
-- Data for Name: jobsub_ooziejavaaction; Type: TABLE DATA; Schema: public; Owner: huedb
--

COPY public.jobsub_ooziejavaaction (oozieaction_ptr_id, files, archives, jar_path, main_class, args, java_opts, job_properties) FROM stdin;
\.


--
-- Data for Name: jobsub_ooziemapreduceaction; Type: TABLE DATA; Schema: public; Owner: huedb
--

COPY public.jobsub_ooziemapreduceaction (oozieaction_ptr_id, files, archives, job_properties, jar_path) FROM stdin;
\.


--
-- Data for Name: jobsub_ooziestreamingaction; Type: TABLE DATA; Schema: public; Owner: huedb
--

COPY public.jobsub_ooziestreamingaction (oozieaction_ptr_id, files, archives, job_properties, mapper, reducer) FROM stdin;
\.


--
-- Data for Name: oozie_bundle; Type: TABLE DATA; Schema: public; Owner: huedb
--

COPY public.oozie_bundle (job_ptr_id, kick_off_time) FROM stdin;
\.


--
-- Data for Name: oozie_bundledcoordinator; Type: TABLE DATA; Schema: public; Owner: huedb
--

COPY public.oozie_bundledcoordinator (id, parameters, bundle_id, coordinator_id) FROM stdin;
\.


--
-- Name: oozie_bundledcoordinator_id_seq; Type: SEQUENCE SET; Schema: public; Owner: huedb
--

SELECT pg_catalog.setval('public.oozie_bundledcoordinator_id_seq', 1, false);


--
-- Data for Name: oozie_coordinator; Type: TABLE DATA; Schema: public; Owner: huedb
--

COPY public.oozie_coordinator (job_ptr_id, frequency_number, frequency_unit, timezone, start, "end", timeout, concurrency, execution, throttle, job_properties, coordinatorworkflow_id) FROM stdin;
\.


--
-- Data for Name: oozie_datainput; Type: TABLE DATA; Schema: public; Owner: huedb
--

COPY public.oozie_datainput (id, name, dataset_id, coordinator_id) FROM stdin;
\.


--
-- Name: oozie_datainput_id_seq; Type: SEQUENCE SET; Schema: public; Owner: huedb
--

SELECT pg_catalog.setval('public.oozie_datainput_id_seq', 1, false);


--
-- Data for Name: oozie_dataoutput; Type: TABLE DATA; Schema: public; Owner: huedb
--

COPY public.oozie_dataoutput (id, name, dataset_id, coordinator_id) FROM stdin;
\.


--
-- Name: oozie_dataoutput_id_seq; Type: SEQUENCE SET; Schema: public; Owner: huedb
--

SELECT pg_catalog.setval('public.oozie_dataoutput_id_seq', 1, false);


--
-- Data for Name: oozie_dataset; Type: TABLE DATA; Schema: public; Owner: huedb
--

COPY public.oozie_dataset (id, name, description, start, frequency_number, frequency_unit, uri, timezone, done_flag, instance_choice, advanced_start_instance, advanced_end_instance, coordinator_id) FROM stdin;
\.


--
-- Name: oozie_dataset_id_seq; Type: SEQUENCE SET; Schema: public; Owner: huedb
--

SELECT pg_catalog.setval('public.oozie_dataset_id_seq', 1, false);


--
-- Data for Name: oozie_decision; Type: TABLE DATA; Schema: public; Owner: huedb
--

COPY public.oozie_decision (node_ptr_id) FROM stdin;
\.


--
-- Data for Name: oozie_decisionend; Type: TABLE DATA; Schema: public; Owner: huedb
--

COPY public.oozie_decisionend (node_ptr_id) FROM stdin;
\.


--
-- Data for Name: oozie_distcp; Type: TABLE DATA; Schema: public; Owner: huedb
--

COPY public.oozie_distcp (node_ptr_id, params, job_properties, prepares, job_xml) FROM stdin;
\.


--
-- Data for Name: oozie_email; Type: TABLE DATA; Schema: public; Owner: huedb
--

COPY public.oozie_email (node_ptr_id, "to", cc, subject, body) FROM stdin;
\.


--
-- Data for Name: oozie_end; Type: TABLE DATA; Schema: public; Owner: huedb
--

COPY public.oozie_end (node_ptr_id) FROM stdin;
\.


--
-- Data for Name: oozie_fork; Type: TABLE DATA; Schema: public; Owner: huedb
--

COPY public.oozie_fork (node_ptr_id) FROM stdin;
\.


--
-- Data for Name: oozie_fs; Type: TABLE DATA; Schema: public; Owner: huedb
--

COPY public.oozie_fs (node_ptr_id, deletes, mkdirs, moves, chmods, touchzs) FROM stdin;
\.


--
-- Data for Name: oozie_generic; Type: TABLE DATA; Schema: public; Owner: huedb
--

COPY public.oozie_generic (node_ptr_id, xml) FROM stdin;
\.


--
-- Data for Name: oozie_history; Type: TABLE DATA; Schema: public; Owner: huedb
--

COPY public.oozie_history (id, submission_date, oozie_job_id, properties, submitter_id, job_id) FROM stdin;
\.


--
-- Name: oozie_history_id_seq; Type: SEQUENCE SET; Schema: public; Owner: huedb
--

SELECT pg_catalog.setval('public.oozie_history_id_seq', 1, false);


--
-- Data for Name: oozie_hive; Type: TABLE DATA; Schema: public; Owner: huedb
--

COPY public.oozie_hive (node_ptr_id, script_path, params, files, archives, job_properties, prepares, job_xml) FROM stdin;
\.


--
-- Data for Name: oozie_java; Type: TABLE DATA; Schema: public; Owner: huedb
--

COPY public.oozie_java (node_ptr_id, files, archives, jar_path, main_class, args, java_opts, job_properties, prepares, job_xml, capture_output) FROM stdin;
\.


--
-- Data for Name: oozie_job; Type: TABLE DATA; Schema: public; Owner: huedb
--

COPY public.oozie_job (id, name, description, last_modified, schema_version, deployment_dir, is_shared, parameters, is_trashed, data, owner_id) FROM stdin;
\.


--
-- Name: oozie_job_id_seq; Type: SEQUENCE SET; Schema: public; Owner: huedb
--

SELECT pg_catalog.setval('public.oozie_job_id_seq', 1, false);


--
-- Data for Name: oozie_join; Type: TABLE DATA; Schema: public; Owner: huedb
--

COPY public.oozie_join (node_ptr_id) FROM stdin;
\.


--
-- Data for Name: oozie_kill; Type: TABLE DATA; Schema: public; Owner: huedb
--

COPY public.oozie_kill (node_ptr_id, message) FROM stdin;
\.


--
-- Data for Name: oozie_link; Type: TABLE DATA; Schema: public; Owner: huedb
--

COPY public.oozie_link (id, name, comment, child_id, parent_id) FROM stdin;
\.


--
-- Name: oozie_link_id_seq; Type: SEQUENCE SET; Schema: public; Owner: huedb
--

SELECT pg_catalog.setval('public.oozie_link_id_seq', 1, false);


--
-- Data for Name: oozie_mapreduce; Type: TABLE DATA; Schema: public; Owner: huedb
--

COPY public.oozie_mapreduce (node_ptr_id, files, archives, job_properties, jar_path, prepares, job_xml) FROM stdin;
\.


--
-- Data for Name: oozie_node; Type: TABLE DATA; Schema: public; Owner: huedb
--

COPY public.oozie_node (id, name, description, node_type, data, workflow_id) FROM stdin;
\.


--
-- Name: oozie_node_id_seq; Type: SEQUENCE SET; Schema: public; Owner: huedb
--

SELECT pg_catalog.setval('public.oozie_node_id_seq', 1, false);


--
-- Data for Name: oozie_pig; Type: TABLE DATA; Schema: public; Owner: huedb
--

COPY public.oozie_pig (node_ptr_id, script_path, params, files, archives, job_properties, prepares, job_xml) FROM stdin;
\.


--
-- Data for Name: oozie_shell; Type: TABLE DATA; Schema: public; Owner: huedb
--

COPY public.oozie_shell (node_ptr_id, command, params, files, archives, job_properties, prepares, job_xml, capture_output) FROM stdin;
\.


--
-- Data for Name: oozie_sqoop; Type: TABLE DATA; Schema: public; Owner: huedb
--

COPY public.oozie_sqoop (node_ptr_id, script_path, params, files, archives, job_properties, prepares, job_xml) FROM stdin;
\.


--
-- Data for Name: oozie_ssh; Type: TABLE DATA; Schema: public; Owner: huedb
--

COPY public.oozie_ssh (node_ptr_id, "user", host, command, params, capture_output) FROM stdin;
\.


--
-- Data for Name: oozie_start; Type: TABLE DATA; Schema: public; Owner: huedb
--

COPY public.oozie_start (node_ptr_id) FROM stdin;
\.


--
-- Data for Name: oozie_streaming; Type: TABLE DATA; Schema: public; Owner: huedb
--

COPY public.oozie_streaming (node_ptr_id, files, archives, job_properties, mapper, reducer) FROM stdin;
\.


--
-- Data for Name: oozie_subworkflow; Type: TABLE DATA; Schema: public; Owner: huedb
--

COPY public.oozie_subworkflow (node_ptr_id, propagate_configuration, job_properties, sub_workflow_id) FROM stdin;
\.


--
-- Data for Name: oozie_workflow; Type: TABLE DATA; Schema: public; Owner: huedb
--

COPY public.oozie_workflow (job_ptr_id, is_single, job_xml, job_properties, managed, end_id, start_id) FROM stdin;
\.


--
-- Data for Name: pig_document; Type: TABLE DATA; Schema: public; Owner: huedb
--

COPY public.pig_document (id, is_design, owner_id) FROM stdin;
\.


--
-- Name: pig_document_id_seq; Type: SEQUENCE SET; Schema: public; Owner: huedb
--

SELECT pg_catalog.setval('public.pig_document_id_seq', 1, false);


--
-- Data for Name: pig_pigscript; Type: TABLE DATA; Schema: public; Owner: huedb
--

COPY public.pig_pigscript (document_ptr_id, data) FROM stdin;
\.


--
-- Data for Name: useradmin_grouppermission; Type: TABLE DATA; Schema: public; Owner: huedb
--

COPY public.useradmin_grouppermission (id, group_id, hue_permission_id) FROM stdin;
1	1	1
2	1	2
3	1	4
4	1	6
5	1	7
6	1	8
7	1	9
8	1	11
9	1	12
10	1	13
11	1	15
12	1	16
13	1	17
14	1	19
15	1	21
16	1	22
17	1	23
18	1	24
19	1	25
20	1	26
\.


--
-- Name: useradmin_grouppermission_id_seq; Type: SEQUENCE SET; Schema: public; Owner: huedb
--

SELECT pg_catalog.setval('public.useradmin_grouppermission_id_seq', 20, true);


--
-- Data for Name: useradmin_huepermission; Type: TABLE DATA; Schema: public; Owner: huedb
--

COPY public.useradmin_huepermission (id, app, action, description) FROM stdin;
1	about	access	Launch this application
2	beeswax	access	Launch this application
3	filebrowser	adls_access	Access to ADLS from filebrowser and filepicker.
4	filebrowser	access	Launch this application
5	filebrowser	s3_access	Access to S3 from filebrowser and filepicker.
6	help	access	Launch this application
7	impala	access	Launch this application
8	jobbrowser	access	Launch this application
9	jobsub	access	Launch this application
10	metastore	write	Allow DDL operations. Need the app access too.
11	metastore	access	Launch this application
12	oozie	dashboard_jobs_access	Oozie Dashboard read-only user for all jobs
13	oozie	access	Launch this application
14	oozie	disable_editor_access	Disable Oozie Editor access
15	pig	access	Launch this application
16	proxy	access	Launch this application
17	rdbms	access	Launch this application
18	useradmin	superuser	Give superuser access to members of group
19	useradmin	access_view:useradmin:edit_user	Access to profile page on User Admin
20	useradmin	access	Launch this application
21	indexer	access	Launch this application
22	metadata	write	Allow edition of metadata like tags.
23	metadata	access	Launch this application
24	notebook	access	Launch this application
25	dashboard	access	Launch this application
26	kafka	access	Launch this application
\.


--
-- Name: useradmin_huepermission_id_seq; Type: SEQUENCE SET; Schema: public; Owner: huedb
--

SELECT pg_catalog.setval('public.useradmin_huepermission_id_seq', 26, true);


--
-- Data for Name: useradmin_ldapgroup; Type: TABLE DATA; Schema: public; Owner: huedb
--

COPY public.useradmin_ldapgroup (id, group_id) FROM stdin;
\.


--
-- Name: useradmin_ldapgroup_id_seq; Type: SEQUENCE SET; Schema: public; Owner: huedb
--

SELECT pg_catalog.setval('public.useradmin_ldapgroup_id_seq', 1, false);


--
-- Data for Name: useradmin_userprofile; Type: TABLE DATA; Schema: public; Owner: huedb
--

COPY public.useradmin_userprofile (id, home_directory, creation_method, first_login, last_activity, user_id) FROM stdin;
1	/user/admin	HUE	f	2019-06-04 07:35:38.047306-07	1
2	/user/hue	HUE	t	2019-06-04 07:35:38.100243-07	1100713
\.


--
-- Name: useradmin_userprofile_id_seq; Type: SEQUENCE SET; Schema: public; Owner: huedb
--

SELECT pg_catalog.setval('public.useradmin_userprofile_id_seq', 2, true);


--
-- Name: auth_group_name_key; Type: CONSTRAINT; Schema: public; Owner: huedb
--

ALTER TABLE ONLY public.auth_group
    ADD CONSTRAINT auth_group_name_key UNIQUE (name);


--
-- Name: auth_group_permissions_group_id_permission_id_0cd325b0_uniq; Type: CONSTRAINT; Schema: public; Owner: huedb
--

ALTER TABLE ONLY public.auth_group_permissions
    ADD CONSTRAINT auth_group_permissions_group_id_permission_id_0cd325b0_uniq UNIQUE (group_id, permission_id);


--
-- Name: auth_group_permissions_pkey; Type: CONSTRAINT; Schema: public; Owner: huedb
--

ALTER TABLE ONLY public.auth_group_permissions
    ADD CONSTRAINT auth_group_permissions_pkey PRIMARY KEY (id);


--
-- Name: auth_group_pkey; Type: CONSTRAINT; Schema: public; Owner: huedb
--

ALTER TABLE ONLY public.auth_group
    ADD CONSTRAINT auth_group_pkey PRIMARY KEY (id);


--
-- Name: auth_permission_content_type_id_codename_01ab375a_uniq; Type: CONSTRAINT; Schema: public; Owner: huedb
--

ALTER TABLE ONLY public.auth_permission
    ADD CONSTRAINT auth_permission_content_type_id_codename_01ab375a_uniq UNIQUE (content_type_id, codename);


--
-- Name: auth_permission_pkey; Type: CONSTRAINT; Schema: public; Owner: huedb
--

ALTER TABLE ONLY public.auth_permission
    ADD CONSTRAINT auth_permission_pkey PRIMARY KEY (id);


--
-- Name: auth_user_groups_pkey; Type: CONSTRAINT; Schema: public; Owner: huedb
--

ALTER TABLE ONLY public.auth_user_groups
    ADD CONSTRAINT auth_user_groups_pkey PRIMARY KEY (id);


--
-- Name: auth_user_groups_user_id_group_id_94350c0c_uniq; Type: CONSTRAINT; Schema: public; Owner: huedb
--

ALTER TABLE ONLY public.auth_user_groups
    ADD CONSTRAINT auth_user_groups_user_id_group_id_94350c0c_uniq UNIQUE (user_id, group_id);


--
-- Name: auth_user_pkey; Type: CONSTRAINT; Schema: public; Owner: huedb
--

ALTER TABLE ONLY public.auth_user
    ADD CONSTRAINT auth_user_pkey PRIMARY KEY (id);


--
-- Name: auth_user_user_permissions_pkey; Type: CONSTRAINT; Schema: public; Owner: huedb
--

ALTER TABLE ONLY public.auth_user_user_permissions
    ADD CONSTRAINT auth_user_user_permissions_pkey PRIMARY KEY (id);


--
-- Name: auth_user_user_permissions_user_id_permission_id_14a6b632_uniq; Type: CONSTRAINT; Schema: public; Owner: huedb
--

ALTER TABLE ONLY public.auth_user_user_permissions
    ADD CONSTRAINT auth_user_user_permissions_user_id_permission_id_14a6b632_uniq UNIQUE (user_id, permission_id);


--
-- Name: auth_user_username_key; Type: CONSTRAINT; Schema: public; Owner: huedb
--

ALTER TABLE ONLY public.auth_user
    ADD CONSTRAINT auth_user_username_key UNIQUE (username);


--
-- Name: axes_accessattempt_pkey; Type: CONSTRAINT; Schema: public; Owner: huedb
--

ALTER TABLE ONLY public.axes_accessattempt
    ADD CONSTRAINT axes_accessattempt_pkey PRIMARY KEY (id);


--
-- Name: axes_accesslog_pkey; Type: CONSTRAINT; Schema: public; Owner: huedb
--

ALTER TABLE ONLY public.axes_accesslog
    ADD CONSTRAINT axes_accesslog_pkey PRIMARY KEY (id);


--
-- Name: beeswax_metainstall_pkey; Type: CONSTRAINT; Schema: public; Owner: huedb
--

ALTER TABLE ONLY public.beeswax_metainstall
    ADD CONSTRAINT beeswax_metainstall_pkey PRIMARY KEY (id);


--
-- Name: beeswax_queryhistory_pkey; Type: CONSTRAINT; Schema: public; Owner: huedb
--

ALTER TABLE ONLY public.beeswax_queryhistory
    ADD CONSTRAINT beeswax_queryhistory_pkey PRIMARY KEY (id);


--
-- Name: beeswax_savedquery_pkey; Type: CONSTRAINT; Schema: public; Owner: huedb
--

ALTER TABLE ONLY public.beeswax_savedquery
    ADD CONSTRAINT beeswax_savedquery_pkey PRIMARY KEY (id);


--
-- Name: beeswax_session_pkey; Type: CONSTRAINT; Schema: public; Owner: huedb
--

ALTER TABLE ONLY public.beeswax_session
    ADD CONSTRAINT beeswax_session_pkey PRIMARY KEY (id);


--
-- Name: defaultconfiguration_gro_defaultconfiguration_id__89a9cd30_uniq; Type: CONSTRAINT; Schema: public; Owner: huedb
--

ALTER TABLE ONLY public.defaultconfiguration_groups
    ADD CONSTRAINT defaultconfiguration_gro_defaultconfiguration_id__89a9cd30_uniq UNIQUE (defaultconfiguration_id, group_id);


--
-- Name: defaultconfiguration_groups_pkey; Type: CONSTRAINT; Schema: public; Owner: huedb
--

ALTER TABLE ONLY public.defaultconfiguration_groups
    ADD CONSTRAINT defaultconfiguration_groups_pkey PRIMARY KEY (id);


--
-- Name: desktop_defaultconfiguration_pkey; Type: CONSTRAINT; Schema: public; Owner: huedb
--

ALTER TABLE ONLY public.desktop_defaultconfiguration
    ADD CONSTRAINT desktop_defaultconfiguration_pkey PRIMARY KEY (id);


--
-- Name: desktop_document2_depend_from_document2_id_to_doc_e8e0aebc_uniq; Type: CONSTRAINT; Schema: public; Owner: huedb
--

ALTER TABLE ONLY public.desktop_document2_dependencies
    ADD CONSTRAINT desktop_document2_depend_from_document2_id_to_doc_e8e0aebc_uniq UNIQUE (from_document2_id, to_document2_id);


--
-- Name: desktop_document2_dependencies_pkey; Type: CONSTRAINT; Schema: public; Owner: huedb
--

ALTER TABLE ONLY public.desktop_document2_dependencies
    ADD CONSTRAINT desktop_document2_dependencies_pkey PRIMARY KEY (id);


--
-- Name: desktop_document2_pkey; Type: CONSTRAINT; Schema: public; Owner: huedb
--

ALTER TABLE ONLY public.desktop_document2
    ADD CONSTRAINT desktop_document2_pkey PRIMARY KEY (id);


--
-- Name: desktop_document2_uuid_version_is_history_f449ad78_uniq; Type: CONSTRAINT; Schema: public; Owner: huedb
--

ALTER TABLE ONLY public.desktop_document2
    ADD CONSTRAINT desktop_document2_uuid_version_is_history_f449ad78_uniq UNIQUE (uuid, version, is_history);


--
-- Name: desktop_document2permission_doc_id_perms_5a4d2ad8_uniq; Type: CONSTRAINT; Schema: public; Owner: huedb
--

ALTER TABLE ONLY public.desktop_document2permission
    ADD CONSTRAINT desktop_document2permission_doc_id_perms_5a4d2ad8_uniq UNIQUE (doc_id, perms);


--
-- Name: desktop_document2permission_pkey; Type: CONSTRAINT; Schema: public; Owner: huedb
--

ALTER TABLE ONLY public.desktop_document2permission
    ADD CONSTRAINT desktop_document2permission_pkey PRIMARY KEY (id);


--
-- Name: desktop_document_content_type_id_object_id_af1b9053_uniq; Type: CONSTRAINT; Schema: public; Owner: huedb
--

ALTER TABLE ONLY public.desktop_document
    ADD CONSTRAINT desktop_document_content_type_id_object_id_af1b9053_uniq UNIQUE (content_type_id, object_id);


--
-- Name: desktop_document_pkey; Type: CONSTRAINT; Schema: public; Owner: huedb
--

ALTER TABLE ONLY public.desktop_document
    ADD CONSTRAINT desktop_document_pkey PRIMARY KEY (id);


--
-- Name: desktop_document_tags_document_id_documenttag_id_b89a0f94_uniq; Type: CONSTRAINT; Schema: public; Owner: huedb
--

ALTER TABLE ONLY public.desktop_document_tags
    ADD CONSTRAINT desktop_document_tags_document_id_documenttag_id_b89a0f94_uniq UNIQUE (document_id, documenttag_id);


--
-- Name: desktop_document_tags_pkey; Type: CONSTRAINT; Schema: public; Owner: huedb
--

ALTER TABLE ONLY public.desktop_document_tags
    ADD CONSTRAINT desktop_document_tags_pkey PRIMARY KEY (id);


--
-- Name: desktop_documentpermission_doc_id_perms_e898a5e1_uniq; Type: CONSTRAINT; Schema: public; Owner: huedb
--

ALTER TABLE ONLY public.desktop_documentpermission
    ADD CONSTRAINT desktop_documentpermission_doc_id_perms_e898a5e1_uniq UNIQUE (doc_id, perms);


--
-- Name: desktop_documentpermission_pkey; Type: CONSTRAINT; Schema: public; Owner: huedb
--

ALTER TABLE ONLY public.desktop_documentpermission
    ADD CONSTRAINT desktop_documentpermission_pkey PRIMARY KEY (id);


--
-- Name: desktop_documenttag_owner_id_tag_040d0073_uniq; Type: CONSTRAINT; Schema: public; Owner: huedb
--

ALTER TABLE ONLY public.desktop_documenttag
    ADD CONSTRAINT desktop_documenttag_owner_id_tag_040d0073_uniq UNIQUE (owner_id, tag);


--
-- Name: desktop_documenttag_pkey; Type: CONSTRAINT; Schema: public; Owner: huedb
--

ALTER TABLE ONLY public.desktop_documenttag
    ADD CONSTRAINT desktop_documenttag_pkey PRIMARY KEY (id);


--
-- Name: desktop_settings_pkey; Type: CONSTRAINT; Schema: public; Owner: huedb
--

ALTER TABLE ONLY public.desktop_settings
    ADD CONSTRAINT desktop_settings_pkey PRIMARY KEY (id);


--
-- Name: desktop_userpreferences_pkey; Type: CONSTRAINT; Schema: public; Owner: huedb
--

ALTER TABLE ONLY public.desktop_userpreferences
    ADD CONSTRAINT desktop_userpreferences_pkey PRIMARY KEY (id);


--
-- Name: django_admin_log_pkey; Type: CONSTRAINT; Schema: public; Owner: huedb
--

ALTER TABLE ONLY public.django_admin_log
    ADD CONSTRAINT django_admin_log_pkey PRIMARY KEY (id);


--
-- Name: django_content_type_app_label_model_76bd3d3b_uniq; Type: CONSTRAINT; Schema: public; Owner: huedb
--

ALTER TABLE ONLY public.django_content_type
    ADD CONSTRAINT django_content_type_app_label_model_76bd3d3b_uniq UNIQUE (app_label, model);


--
-- Name: django_content_type_pkey; Type: CONSTRAINT; Schema: public; Owner: huedb
--

ALTER TABLE ONLY public.django_content_type
    ADD CONSTRAINT django_content_type_pkey PRIMARY KEY (id);


--
-- Name: django_migrations_pkey; Type: CONSTRAINT; Schema: public; Owner: huedb
--

ALTER TABLE ONLY public.django_migrations
    ADD CONSTRAINT django_migrations_pkey PRIMARY KEY (id);


--
-- Name: django_openid_auth_association_pkey; Type: CONSTRAINT; Schema: public; Owner: huedb
--

ALTER TABLE ONLY public.django_openid_auth_association
    ADD CONSTRAINT django_openid_auth_association_pkey PRIMARY KEY (id);


--
-- Name: django_openid_auth_nonce_pkey; Type: CONSTRAINT; Schema: public; Owner: huedb
--

ALTER TABLE ONLY public.django_openid_auth_nonce
    ADD CONSTRAINT django_openid_auth_nonce_pkey PRIMARY KEY (id);


--
-- Name: django_openid_auth_useropenid_pkey; Type: CONSTRAINT; Schema: public; Owner: huedb
--

ALTER TABLE ONLY public.django_openid_auth_useropenid
    ADD CONSTRAINT django_openid_auth_useropenid_pkey PRIMARY KEY (id);


--
-- Name: django_session_pkey; Type: CONSTRAINT; Schema: public; Owner: huedb
--

ALTER TABLE ONLY public.django_session
    ADD CONSTRAINT django_session_pkey PRIMARY KEY (session_key);


--
-- Name: django_site_domain_a2e37b91_uniq; Type: CONSTRAINT; Schema: public; Owner: huedb
--

ALTER TABLE ONLY public.django_site
    ADD CONSTRAINT django_site_domain_a2e37b91_uniq UNIQUE (domain);


--
-- Name: django_site_pkey; Type: CONSTRAINT; Schema: public; Owner: huedb
--

ALTER TABLE ONLY public.django_site
    ADD CONSTRAINT django_site_pkey PRIMARY KEY (id);


--
-- Name: documentpermission2_grou_document2permission_id_g_b82724d9_uniq; Type: CONSTRAINT; Schema: public; Owner: huedb
--

ALTER TABLE ONLY public.documentpermission2_groups
    ADD CONSTRAINT documentpermission2_grou_document2permission_id_g_b82724d9_uniq UNIQUE (document2permission_id, group_id);


--
-- Name: documentpermission2_groups_pkey; Type: CONSTRAINT; Schema: public; Owner: huedb
--

ALTER TABLE ONLY public.documentpermission2_groups
    ADD CONSTRAINT documentpermission2_groups_pkey PRIMARY KEY (id);


--
-- Name: documentpermission2_user_document2permission_id_u_66ccf253_uniq; Type: CONSTRAINT; Schema: public; Owner: huedb
--

ALTER TABLE ONLY public.documentpermission2_users
    ADD CONSTRAINT documentpermission2_user_document2permission_id_u_66ccf253_uniq UNIQUE (document2permission_id, user_id);


--
-- Name: documentpermission2_users_pkey; Type: CONSTRAINT; Schema: public; Owner: huedb
--

ALTER TABLE ONLY public.documentpermission2_users
    ADD CONSTRAINT documentpermission2_users_pkey PRIMARY KEY (id);


--
-- Name: documentpermission_group_documentpermission_id_gr_b617df3f_uniq; Type: CONSTRAINT; Schema: public; Owner: huedb
--

ALTER TABLE ONLY public.documentpermission_groups
    ADD CONSTRAINT documentpermission_group_documentpermission_id_gr_b617df3f_uniq UNIQUE (documentpermission_id, group_id);


--
-- Name: documentpermission_groups_pkey; Type: CONSTRAINT; Schema: public; Owner: huedb
--

ALTER TABLE ONLY public.documentpermission_groups
    ADD CONSTRAINT documentpermission_groups_pkey PRIMARY KEY (id);


--
-- Name: documentpermission_users_documentpermission_id_us_b0be31ca_uniq; Type: CONSTRAINT; Schema: public; Owner: huedb
--

ALTER TABLE ONLY public.documentpermission_users
    ADD CONSTRAINT documentpermission_users_documentpermission_id_us_b0be31ca_uniq UNIQUE (documentpermission_id, user_id);


--
-- Name: documentpermission_users_pkey; Type: CONSTRAINT; Schema: public; Owner: huedb
--

ALTER TABLE ONLY public.documentpermission_users
    ADD CONSTRAINT documentpermission_users_pkey PRIMARY KEY (id);


--
-- Name: jobsub_checkforsetup_pkey; Type: CONSTRAINT; Schema: public; Owner: huedb
--

ALTER TABLE ONLY public.jobsub_checkforsetup
    ADD CONSTRAINT jobsub_checkforsetup_pkey PRIMARY KEY (id);


--
-- Name: jobsub_jobdesign_pkey; Type: CONSTRAINT; Schema: public; Owner: huedb
--

ALTER TABLE ONLY public.jobsub_jobdesign
    ADD CONSTRAINT jobsub_jobdesign_pkey PRIMARY KEY (id);


--
-- Name: jobsub_jobhistory_pkey; Type: CONSTRAINT; Schema: public; Owner: huedb
--

ALTER TABLE ONLY public.jobsub_jobhistory
    ADD CONSTRAINT jobsub_jobhistory_pkey PRIMARY KEY (id);


--
-- Name: jobsub_oozieaction_pkey; Type: CONSTRAINT; Schema: public; Owner: huedb
--

ALTER TABLE ONLY public.jobsub_oozieaction
    ADD CONSTRAINT jobsub_oozieaction_pkey PRIMARY KEY (id);


--
-- Name: jobsub_ooziedesign_pkey; Type: CONSTRAINT; Schema: public; Owner: huedb
--

ALTER TABLE ONLY public.jobsub_ooziedesign
    ADD CONSTRAINT jobsub_ooziedesign_pkey PRIMARY KEY (id);


--
-- Name: jobsub_ooziejavaaction_pkey; Type: CONSTRAINT; Schema: public; Owner: huedb
--

ALTER TABLE ONLY public.jobsub_ooziejavaaction
    ADD CONSTRAINT jobsub_ooziejavaaction_pkey PRIMARY KEY (oozieaction_ptr_id);


--
-- Name: jobsub_ooziemapreduceaction_pkey; Type: CONSTRAINT; Schema: public; Owner: huedb
--

ALTER TABLE ONLY public.jobsub_ooziemapreduceaction
    ADD CONSTRAINT jobsub_ooziemapreduceaction_pkey PRIMARY KEY (oozieaction_ptr_id);


--
-- Name: jobsub_ooziestreamingaction_pkey; Type: CONSTRAINT; Schema: public; Owner: huedb
--

ALTER TABLE ONLY public.jobsub_ooziestreamingaction
    ADD CONSTRAINT jobsub_ooziestreamingaction_pkey PRIMARY KEY (oozieaction_ptr_id);


--
-- Name: oozie_bundle_pkey; Type: CONSTRAINT; Schema: public; Owner: huedb
--

ALTER TABLE ONLY public.oozie_bundle
    ADD CONSTRAINT oozie_bundle_pkey PRIMARY KEY (job_ptr_id);


--
-- Name: oozie_bundledcoordinator_pkey; Type: CONSTRAINT; Schema: public; Owner: huedb
--

ALTER TABLE ONLY public.oozie_bundledcoordinator
    ADD CONSTRAINT oozie_bundledcoordinator_pkey PRIMARY KEY (id);


--
-- Name: oozie_coordinator_pkey; Type: CONSTRAINT; Schema: public; Owner: huedb
--

ALTER TABLE ONLY public.oozie_coordinator
    ADD CONSTRAINT oozie_coordinator_pkey PRIMARY KEY (job_ptr_id);


--
-- Name: oozie_datainput_dataset_id_key; Type: CONSTRAINT; Schema: public; Owner: huedb
--

ALTER TABLE ONLY public.oozie_datainput
    ADD CONSTRAINT oozie_datainput_dataset_id_key UNIQUE (dataset_id);


--
-- Name: oozie_datainput_pkey; Type: CONSTRAINT; Schema: public; Owner: huedb
--

ALTER TABLE ONLY public.oozie_datainput
    ADD CONSTRAINT oozie_datainput_pkey PRIMARY KEY (id);


--
-- Name: oozie_dataoutput_dataset_id_key; Type: CONSTRAINT; Schema: public; Owner: huedb
--

ALTER TABLE ONLY public.oozie_dataoutput
    ADD CONSTRAINT oozie_dataoutput_dataset_id_key UNIQUE (dataset_id);


--
-- Name: oozie_dataoutput_pkey; Type: CONSTRAINT; Schema: public; Owner: huedb
--

ALTER TABLE ONLY public.oozie_dataoutput
    ADD CONSTRAINT oozie_dataoutput_pkey PRIMARY KEY (id);


--
-- Name: oozie_dataset_pkey; Type: CONSTRAINT; Schema: public; Owner: huedb
--

ALTER TABLE ONLY public.oozie_dataset
    ADD CONSTRAINT oozie_dataset_pkey PRIMARY KEY (id);


--
-- Name: oozie_decision_pkey; Type: CONSTRAINT; Schema: public; Owner: huedb
--

ALTER TABLE ONLY public.oozie_decision
    ADD CONSTRAINT oozie_decision_pkey PRIMARY KEY (node_ptr_id);


--
-- Name: oozie_decisionend_pkey; Type: CONSTRAINT; Schema: public; Owner: huedb
--

ALTER TABLE ONLY public.oozie_decisionend
    ADD CONSTRAINT oozie_decisionend_pkey PRIMARY KEY (node_ptr_id);


--
-- Name: oozie_distcp_pkey; Type: CONSTRAINT; Schema: public; Owner: huedb
--

ALTER TABLE ONLY public.oozie_distcp
    ADD CONSTRAINT oozie_distcp_pkey PRIMARY KEY (node_ptr_id);


--
-- Name: oozie_email_pkey; Type: CONSTRAINT; Schema: public; Owner: huedb
--

ALTER TABLE ONLY public.oozie_email
    ADD CONSTRAINT oozie_email_pkey PRIMARY KEY (node_ptr_id);


--
-- Name: oozie_end_pkey; Type: CONSTRAINT; Schema: public; Owner: huedb
--

ALTER TABLE ONLY public.oozie_end
    ADD CONSTRAINT oozie_end_pkey PRIMARY KEY (node_ptr_id);


--
-- Name: oozie_fork_pkey; Type: CONSTRAINT; Schema: public; Owner: huedb
--

ALTER TABLE ONLY public.oozie_fork
    ADD CONSTRAINT oozie_fork_pkey PRIMARY KEY (node_ptr_id);


--
-- Name: oozie_fs_pkey; Type: CONSTRAINT; Schema: public; Owner: huedb
--

ALTER TABLE ONLY public.oozie_fs
    ADD CONSTRAINT oozie_fs_pkey PRIMARY KEY (node_ptr_id);


--
-- Name: oozie_generic_pkey; Type: CONSTRAINT; Schema: public; Owner: huedb
--

ALTER TABLE ONLY public.oozie_generic
    ADD CONSTRAINT oozie_generic_pkey PRIMARY KEY (node_ptr_id);


--
-- Name: oozie_history_pkey; Type: CONSTRAINT; Schema: public; Owner: huedb
--

ALTER TABLE ONLY public.oozie_history
    ADD CONSTRAINT oozie_history_pkey PRIMARY KEY (id);


--
-- Name: oozie_hive_pkey; Type: CONSTRAINT; Schema: public; Owner: huedb
--

ALTER TABLE ONLY public.oozie_hive
    ADD CONSTRAINT oozie_hive_pkey PRIMARY KEY (node_ptr_id);


--
-- Name: oozie_java_pkey; Type: CONSTRAINT; Schema: public; Owner: huedb
--

ALTER TABLE ONLY public.oozie_java
    ADD CONSTRAINT oozie_java_pkey PRIMARY KEY (node_ptr_id);


--
-- Name: oozie_job_pkey; Type: CONSTRAINT; Schema: public; Owner: huedb
--

ALTER TABLE ONLY public.oozie_job
    ADD CONSTRAINT oozie_job_pkey PRIMARY KEY (id);


--
-- Name: oozie_join_pkey; Type: CONSTRAINT; Schema: public; Owner: huedb
--

ALTER TABLE ONLY public.oozie_join
    ADD CONSTRAINT oozie_join_pkey PRIMARY KEY (node_ptr_id);


--
-- Name: oozie_kill_pkey; Type: CONSTRAINT; Schema: public; Owner: huedb
--

ALTER TABLE ONLY public.oozie_kill
    ADD CONSTRAINT oozie_kill_pkey PRIMARY KEY (node_ptr_id);


--
-- Name: oozie_link_pkey; Type: CONSTRAINT; Schema: public; Owner: huedb
--

ALTER TABLE ONLY public.oozie_link
    ADD CONSTRAINT oozie_link_pkey PRIMARY KEY (id);


--
-- Name: oozie_mapreduce_pkey; Type: CONSTRAINT; Schema: public; Owner: huedb
--

ALTER TABLE ONLY public.oozie_mapreduce
    ADD CONSTRAINT oozie_mapreduce_pkey PRIMARY KEY (node_ptr_id);


--
-- Name: oozie_node_pkey; Type: CONSTRAINT; Schema: public; Owner: huedb
--

ALTER TABLE ONLY public.oozie_node
    ADD CONSTRAINT oozie_node_pkey PRIMARY KEY (id);


--
-- Name: oozie_pig_pkey; Type: CONSTRAINT; Schema: public; Owner: huedb
--

ALTER TABLE ONLY public.oozie_pig
    ADD CONSTRAINT oozie_pig_pkey PRIMARY KEY (node_ptr_id);


--
-- Name: oozie_shell_pkey; Type: CONSTRAINT; Schema: public; Owner: huedb
--

ALTER TABLE ONLY public.oozie_shell
    ADD CONSTRAINT oozie_shell_pkey PRIMARY KEY (node_ptr_id);


--
-- Name: oozie_sqoop_pkey; Type: CONSTRAINT; Schema: public; Owner: huedb
--

ALTER TABLE ONLY public.oozie_sqoop
    ADD CONSTRAINT oozie_sqoop_pkey PRIMARY KEY (node_ptr_id);


--
-- Name: oozie_ssh_pkey; Type: CONSTRAINT; Schema: public; Owner: huedb
--

ALTER TABLE ONLY public.oozie_ssh
    ADD CONSTRAINT oozie_ssh_pkey PRIMARY KEY (node_ptr_id);


--
-- Name: oozie_start_pkey; Type: CONSTRAINT; Schema: public; Owner: huedb
--

ALTER TABLE ONLY public.oozie_start
    ADD CONSTRAINT oozie_start_pkey PRIMARY KEY (node_ptr_id);


--
-- Name: oozie_streaming_pkey; Type: CONSTRAINT; Schema: public; Owner: huedb
--

ALTER TABLE ONLY public.oozie_streaming
    ADD CONSTRAINT oozie_streaming_pkey PRIMARY KEY (node_ptr_id);


--
-- Name: oozie_subworkflow_pkey; Type: CONSTRAINT; Schema: public; Owner: huedb
--

ALTER TABLE ONLY public.oozie_subworkflow
    ADD CONSTRAINT oozie_subworkflow_pkey PRIMARY KEY (node_ptr_id);


--
-- Name: oozie_workflow_pkey; Type: CONSTRAINT; Schema: public; Owner: huedb
--

ALTER TABLE ONLY public.oozie_workflow
    ADD CONSTRAINT oozie_workflow_pkey PRIMARY KEY (job_ptr_id);


--
-- Name: pig_document_pkey; Type: CONSTRAINT; Schema: public; Owner: huedb
--

ALTER TABLE ONLY public.pig_document
    ADD CONSTRAINT pig_document_pkey PRIMARY KEY (id);


--
-- Name: pig_pigscript_pkey; Type: CONSTRAINT; Schema: public; Owner: huedb
--

ALTER TABLE ONLY public.pig_pigscript
    ADD CONSTRAINT pig_pigscript_pkey PRIMARY KEY (document_ptr_id);


--
-- Name: useradmin_grouppermission_pkey; Type: CONSTRAINT; Schema: public; Owner: huedb
--

ALTER TABLE ONLY public.useradmin_grouppermission
    ADD CONSTRAINT useradmin_grouppermission_pkey PRIMARY KEY (id);


--
-- Name: useradmin_huepermission_pkey; Type: CONSTRAINT; Schema: public; Owner: huedb
--

ALTER TABLE ONLY public.useradmin_huepermission
    ADD CONSTRAINT useradmin_huepermission_pkey PRIMARY KEY (id);


--
-- Name: useradmin_ldapgroup_pkey; Type: CONSTRAINT; Schema: public; Owner: huedb
--

ALTER TABLE ONLY public.useradmin_ldapgroup
    ADD CONSTRAINT useradmin_ldapgroup_pkey PRIMARY KEY (id);


--
-- Name: useradmin_userprofile_pkey; Type: CONSTRAINT; Schema: public; Owner: huedb
--

ALTER TABLE ONLY public.useradmin_userprofile
    ADD CONSTRAINT useradmin_userprofile_pkey PRIMARY KEY (id);


--
-- Name: useradmin_userprofile_user_id_key; Type: CONSTRAINT; Schema: public; Owner: huedb
--

ALTER TABLE ONLY public.useradmin_userprofile
    ADD CONSTRAINT useradmin_userprofile_user_id_key UNIQUE (user_id);


--
-- Name: auth_group_name_a6ea08ec_like; Type: INDEX; Schema: public; Owner: huedb
--

CREATE INDEX auth_group_name_a6ea08ec_like ON public.auth_group USING btree (name varchar_pattern_ops);


--
-- Name: auth_group_permissions_group_id_b120cbf9; Type: INDEX; Schema: public; Owner: huedb
--

CREATE INDEX auth_group_permissions_group_id_b120cbf9 ON public.auth_group_permissions USING btree (group_id);


--
-- Name: auth_group_permissions_permission_id_84c5c92e; Type: INDEX; Schema: public; Owner: huedb
--

CREATE INDEX auth_group_permissions_permission_id_84c5c92e ON public.auth_group_permissions USING btree (permission_id);


--
-- Name: auth_permission_content_type_id_2f476e4b; Type: INDEX; Schema: public; Owner: huedb
--

CREATE INDEX auth_permission_content_type_id_2f476e4b ON public.auth_permission USING btree (content_type_id);


--
-- Name: auth_user_groups_group_id_97559544; Type: INDEX; Schema: public; Owner: huedb
--

CREATE INDEX auth_user_groups_group_id_97559544 ON public.auth_user_groups USING btree (group_id);


--
-- Name: auth_user_groups_user_id_6a12ed8b; Type: INDEX; Schema: public; Owner: huedb
--

CREATE INDEX auth_user_groups_user_id_6a12ed8b ON public.auth_user_groups USING btree (user_id);


--
-- Name: auth_user_user_permissions_permission_id_1fbb5f2c; Type: INDEX; Schema: public; Owner: huedb
--

CREATE INDEX auth_user_user_permissions_permission_id_1fbb5f2c ON public.auth_user_user_permissions USING btree (permission_id);


--
-- Name: auth_user_user_permissions_user_id_a95ead1b; Type: INDEX; Schema: public; Owner: huedb
--

CREATE INDEX auth_user_user_permissions_user_id_a95ead1b ON public.auth_user_user_permissions USING btree (user_id);


--
-- Name: auth_user_username_6821ab7c_like; Type: INDEX; Schema: public; Owner: huedb
--

CREATE INDEX auth_user_username_6821ab7c_like ON public.auth_user USING btree (username varchar_pattern_ops);


--
-- Name: axes_accessattempt_ip_address_10922d9c; Type: INDEX; Schema: public; Owner: huedb
--

CREATE INDEX axes_accessattempt_ip_address_10922d9c ON public.axes_accessattempt USING btree (ip_address);


--
-- Name: axes_accessattempt_trusted_0eddf52e; Type: INDEX; Schema: public; Owner: huedb
--

CREATE INDEX axes_accessattempt_trusted_0eddf52e ON public.axes_accessattempt USING btree (trusted);


--
-- Name: axes_accessattempt_user_agent_ad89678b; Type: INDEX; Schema: public; Owner: huedb
--

CREATE INDEX axes_accessattempt_user_agent_ad89678b ON public.axes_accessattempt USING btree (user_agent);


--
-- Name: axes_accessattempt_user_agent_ad89678b_like; Type: INDEX; Schema: public; Owner: huedb
--

CREATE INDEX axes_accessattempt_user_agent_ad89678b_like ON public.axes_accessattempt USING btree (user_agent varchar_pattern_ops);


--
-- Name: axes_accessattempt_username_3f2d4ca0; Type: INDEX; Schema: public; Owner: huedb
--

CREATE INDEX axes_accessattempt_username_3f2d4ca0 ON public.axes_accessattempt USING btree (username);


--
-- Name: axes_accessattempt_username_3f2d4ca0_like; Type: INDEX; Schema: public; Owner: huedb
--

CREATE INDEX axes_accessattempt_username_3f2d4ca0_like ON public.axes_accessattempt USING btree (username varchar_pattern_ops);


--
-- Name: axes_accesslog_ip_address_86b417e5; Type: INDEX; Schema: public; Owner: huedb
--

CREATE INDEX axes_accesslog_ip_address_86b417e5 ON public.axes_accesslog USING btree (ip_address);


--
-- Name: axes_accesslog_trusted_496c5681; Type: INDEX; Schema: public; Owner: huedb
--

CREATE INDEX axes_accesslog_trusted_496c5681 ON public.axes_accesslog USING btree (trusted);


--
-- Name: axes_accesslog_user_agent_0e659004; Type: INDEX; Schema: public; Owner: huedb
--

CREATE INDEX axes_accesslog_user_agent_0e659004 ON public.axes_accesslog USING btree (user_agent);


--
-- Name: axes_accesslog_user_agent_0e659004_like; Type: INDEX; Schema: public; Owner: huedb
--

CREATE INDEX axes_accesslog_user_agent_0e659004_like ON public.axes_accesslog USING btree (user_agent varchar_pattern_ops);


--
-- Name: axes_accesslog_username_df93064b; Type: INDEX; Schema: public; Owner: huedb
--

CREATE INDEX axes_accesslog_username_df93064b ON public.axes_accesslog USING btree (username);


--
-- Name: axes_accesslog_username_df93064b_like; Type: INDEX; Schema: public; Owner: huedb
--

CREATE INDEX axes_accesslog_username_df93064b_like ON public.axes_accesslog USING btree (username varchar_pattern_ops);


--
-- Name: beeswax_queryhistory_design_id_8b19f1ba; Type: INDEX; Schema: public; Owner: huedb
--

CREATE INDEX beeswax_queryhistory_design_id_8b19f1ba ON public.beeswax_queryhistory USING btree (design_id);


--
-- Name: beeswax_queryhistory_last_state_3b123643; Type: INDEX; Schema: public; Owner: huedb
--

CREATE INDEX beeswax_queryhistory_last_state_3b123643 ON public.beeswax_queryhistory USING btree (last_state);


--
-- Name: beeswax_queryhistory_owner_id_f56d0c52; Type: INDEX; Schema: public; Owner: huedb
--

CREATE INDEX beeswax_queryhistory_owner_id_f56d0c52 ON public.beeswax_queryhistory USING btree (owner_id);


--
-- Name: beeswax_savedquery_is_auto_7ba521ab; Type: INDEX; Schema: public; Owner: huedb
--

CREATE INDEX beeswax_savedquery_is_auto_7ba521ab ON public.beeswax_savedquery USING btree (is_auto);


--
-- Name: beeswax_savedquery_is_trashed_8dc60321; Type: INDEX; Schema: public; Owner: huedb
--

CREATE INDEX beeswax_savedquery_is_trashed_8dc60321 ON public.beeswax_savedquery USING btree (is_trashed);


--
-- Name: beeswax_savedquery_owner_id_f98eb824; Type: INDEX; Schema: public; Owner: huedb
--

CREATE INDEX beeswax_savedquery_owner_id_f98eb824 ON public.beeswax_savedquery USING btree (owner_id);


--
-- Name: beeswax_session_last_used_df0f793b; Type: INDEX; Schema: public; Owner: huedb
--

CREATE INDEX beeswax_session_last_used_df0f793b ON public.beeswax_session USING btree (last_used);


--
-- Name: beeswax_session_owner_id_46797e50; Type: INDEX; Schema: public; Owner: huedb
--

CREATE INDEX beeswax_session_owner_id_46797e50 ON public.beeswax_session USING btree (owner_id);


--
-- Name: defaultconfiguration_groups_defaultconfiguration_id_16cbc944; Type: INDEX; Schema: public; Owner: huedb
--

CREATE INDEX defaultconfiguration_groups_defaultconfiguration_id_16cbc944 ON public.defaultconfiguration_groups USING btree (defaultconfiguration_id);


--
-- Name: defaultconfiguration_groups_group_id_f9733e62; Type: INDEX; Schema: public; Owner: huedb
--

CREATE INDEX defaultconfiguration_groups_group_id_f9733e62 ON public.defaultconfiguration_groups USING btree (group_id);


--
-- Name: desktop_defaultconfiguration_app_2a22dcdc; Type: INDEX; Schema: public; Owner: huedb
--

CREATE INDEX desktop_defaultconfiguration_app_2a22dcdc ON public.desktop_defaultconfiguration USING btree (app);


--
-- Name: desktop_defaultconfiguration_app_2a22dcdc_like; Type: INDEX; Schema: public; Owner: huedb
--

CREATE INDEX desktop_defaultconfiguration_app_2a22dcdc_like ON public.desktop_defaultconfiguration USING btree (app varchar_pattern_ops);


--
-- Name: desktop_defaultconfiguration_is_default_3a224335; Type: INDEX; Schema: public; Owner: huedb
--

CREATE INDEX desktop_defaultconfiguration_is_default_3a224335 ON public.desktop_defaultconfiguration USING btree (is_default);


--
-- Name: desktop_defaultconfiguration_user_id_8611da32; Type: INDEX; Schema: public; Owner: huedb
--

CREATE INDEX desktop_defaultconfiguration_user_id_8611da32 ON public.desktop_defaultconfiguration USING btree (user_id);


--
-- Name: desktop_document2_dependencies_from_document2_id_e5f62f5a; Type: INDEX; Schema: public; Owner: huedb
--

CREATE INDEX desktop_document2_dependencies_from_document2_id_e5f62f5a ON public.desktop_document2_dependencies USING btree (from_document2_id);


--
-- Name: desktop_document2_dependencies_to_document2_id_2a18afeb; Type: INDEX; Schema: public; Owner: huedb
--

CREATE INDEX desktop_document2_dependencies_to_document2_id_2a18afeb ON public.desktop_document2_dependencies USING btree (to_document2_id);


--
-- Name: desktop_document2_is_history_c15f5853; Type: INDEX; Schema: public; Owner: huedb
--

CREATE INDEX desktop_document2_is_history_c15f5853 ON public.desktop_document2 USING btree (is_history);


--
-- Name: desktop_document2_is_managed_572d9c22; Type: INDEX; Schema: public; Owner: huedb
--

CREATE INDEX desktop_document2_is_managed_572d9c22 ON public.desktop_document2 USING btree (is_managed);


--
-- Name: desktop_document2_is_trashed_e36a0b8a; Type: INDEX; Schema: public; Owner: huedb
--

CREATE INDEX desktop_document2_is_trashed_e36a0b8a ON public.desktop_document2 USING btree (is_trashed);


--
-- Name: desktop_document2_last_modified_15243c0d; Type: INDEX; Schema: public; Owner: huedb
--

CREATE INDEX desktop_document2_last_modified_15243c0d ON public.desktop_document2 USING btree (last_modified);


--
-- Name: desktop_document2_owner_id_342662fe; Type: INDEX; Schema: public; Owner: huedb
--

CREATE INDEX desktop_document2_owner_id_342662fe ON public.desktop_document2 USING btree (owner_id);


--
-- Name: desktop_document2_parent_directory_id_428ead9c; Type: INDEX; Schema: public; Owner: huedb
--

CREATE INDEX desktop_document2_parent_directory_id_428ead9c ON public.desktop_document2 USING btree (parent_directory_id);


--
-- Name: desktop_document2_type_7a9e90a7; Type: INDEX; Schema: public; Owner: huedb
--

CREATE INDEX desktop_document2_type_7a9e90a7 ON public.desktop_document2 USING btree (type);


--
-- Name: desktop_document2_type_7a9e90a7_like; Type: INDEX; Schema: public; Owner: huedb
--

CREATE INDEX desktop_document2_type_7a9e90a7_like ON public.desktop_document2 USING btree (type varchar_pattern_ops);


--
-- Name: desktop_document2_uuid_01e04a24; Type: INDEX; Schema: public; Owner: huedb
--

CREATE INDEX desktop_document2_uuid_01e04a24 ON public.desktop_document2 USING btree (uuid);


--
-- Name: desktop_document2_uuid_01e04a24_like; Type: INDEX; Schema: public; Owner: huedb
--

CREATE INDEX desktop_document2_uuid_01e04a24_like ON public.desktop_document2 USING btree (uuid varchar_pattern_ops);


--
-- Name: desktop_document2_version_2299c6bb; Type: INDEX; Schema: public; Owner: huedb
--

CREATE INDEX desktop_document2_version_2299c6bb ON public.desktop_document2 USING btree (version);


--
-- Name: desktop_document2permission_doc_id_b851e790; Type: INDEX; Schema: public; Owner: huedb
--

CREATE INDEX desktop_document2permission_doc_id_b851e790 ON public.desktop_document2permission USING btree (doc_id);


--
-- Name: desktop_document2permission_perms_449c1144; Type: INDEX; Schema: public; Owner: huedb
--

CREATE INDEX desktop_document2permission_perms_449c1144 ON public.desktop_document2permission USING btree (perms);


--
-- Name: desktop_document2permission_perms_449c1144_like; Type: INDEX; Schema: public; Owner: huedb
--

CREATE INDEX desktop_document2permission_perms_449c1144_like ON public.desktop_document2permission USING btree (perms varchar_pattern_ops);


--
-- Name: desktop_document_content_type_id_fe7f05ef; Type: INDEX; Schema: public; Owner: huedb
--

CREATE INDEX desktop_document_content_type_id_fe7f05ef ON public.desktop_document USING btree (content_type_id);


--
-- Name: desktop_document_last_modified_36ad4264; Type: INDEX; Schema: public; Owner: huedb
--

CREATE INDEX desktop_document_last_modified_36ad4264 ON public.desktop_document USING btree (last_modified);


--
-- Name: desktop_document_owner_id_6209716b; Type: INDEX; Schema: public; Owner: huedb
--

CREATE INDEX desktop_document_owner_id_6209716b ON public.desktop_document USING btree (owner_id);


--
-- Name: desktop_document_tags_document_id_97885747; Type: INDEX; Schema: public; Owner: huedb
--

CREATE INDEX desktop_document_tags_document_id_97885747 ON public.desktop_document_tags USING btree (document_id);


--
-- Name: desktop_document_tags_documenttag_id_4ac450c6; Type: INDEX; Schema: public; Owner: huedb
--

CREATE INDEX desktop_document_tags_documenttag_id_4ac450c6 ON public.desktop_document_tags USING btree (documenttag_id);


--
-- Name: desktop_documentpermission_doc_id_f3913804; Type: INDEX; Schema: public; Owner: huedb
--

CREATE INDEX desktop_documentpermission_doc_id_f3913804 ON public.desktop_documentpermission USING btree (doc_id);


--
-- Name: desktop_documenttag_owner_id_74dfe3a5; Type: INDEX; Schema: public; Owner: huedb
--

CREATE INDEX desktop_documenttag_owner_id_74dfe3a5 ON public.desktop_documenttag USING btree (owner_id);


--
-- Name: desktop_documenttag_tag_0cc3fdde; Type: INDEX; Schema: public; Owner: huedb
--

CREATE INDEX desktop_documenttag_tag_0cc3fdde ON public.desktop_documenttag USING btree (tag);


--
-- Name: desktop_documenttag_tag_0cc3fdde_like; Type: INDEX; Schema: public; Owner: huedb
--

CREATE INDEX desktop_documenttag_tag_0cc3fdde_like ON public.desktop_documenttag USING btree (tag varchar_pattern_ops);


--
-- Name: desktop_settings_collect_usage_a62e7068; Type: INDEX; Schema: public; Owner: huedb
--

CREATE INDEX desktop_settings_collect_usage_a62e7068 ON public.desktop_settings USING btree (collect_usage);


--
-- Name: desktop_settings_tours_and_tutorials_376b46bd; Type: INDEX; Schema: public; Owner: huedb
--

CREATE INDEX desktop_settings_tours_and_tutorials_376b46bd ON public.desktop_settings USING btree (tours_and_tutorials);


--
-- Name: desktop_userpreferences_user_id_f372df8e; Type: INDEX; Schema: public; Owner: huedb
--

CREATE INDEX desktop_userpreferences_user_id_f372df8e ON public.desktop_userpreferences USING btree (user_id);


--
-- Name: django_admin_log_content_type_id_c4bce8eb; Type: INDEX; Schema: public; Owner: huedb
--

CREATE INDEX django_admin_log_content_type_id_c4bce8eb ON public.django_admin_log USING btree (content_type_id);


--
-- Name: django_admin_log_user_id_c564eba6; Type: INDEX; Schema: public; Owner: huedb
--

CREATE INDEX django_admin_log_user_id_c564eba6 ON public.django_admin_log USING btree (user_id);


--
-- Name: django_openid_auth_useropenid_user_id_707d846c; Type: INDEX; Schema: public; Owner: huedb
--

CREATE INDEX django_openid_auth_useropenid_user_id_707d846c ON public.django_openid_auth_useropenid USING btree (user_id);


--
-- Name: django_session_expire_date_a5c62663; Type: INDEX; Schema: public; Owner: huedb
--

CREATE INDEX django_session_expire_date_a5c62663 ON public.django_session USING btree (expire_date);


--
-- Name: django_session_session_key_c0390e0f_like; Type: INDEX; Schema: public; Owner: huedb
--

CREATE INDEX django_session_session_key_c0390e0f_like ON public.django_session USING btree (session_key varchar_pattern_ops);


--
-- Name: django_site_domain_a2e37b91_like; Type: INDEX; Schema: public; Owner: huedb
--

CREATE INDEX django_site_domain_a2e37b91_like ON public.django_site USING btree (domain varchar_pattern_ops);


--
-- Name: documentpermission2_groups_document2permission_id_1f9f783b; Type: INDEX; Schema: public; Owner: huedb
--

CREATE INDEX documentpermission2_groups_document2permission_id_1f9f783b ON public.documentpermission2_groups USING btree (document2permission_id);


--
-- Name: documentpermission2_groups_group_id_7efb8a45; Type: INDEX; Schema: public; Owner: huedb
--

CREATE INDEX documentpermission2_groups_group_id_7efb8a45 ON public.documentpermission2_groups USING btree (group_id);


--
-- Name: documentpermission2_users_document2permission_id_ad7af084; Type: INDEX; Schema: public; Owner: huedb
--

CREATE INDEX documentpermission2_users_document2permission_id_ad7af084 ON public.documentpermission2_users USING btree (document2permission_id);


--
-- Name: documentpermission2_users_user_id_848e20ce; Type: INDEX; Schema: public; Owner: huedb
--

CREATE INDEX documentpermission2_users_user_id_848e20ce ON public.documentpermission2_users USING btree (user_id);


--
-- Name: documentpermission_groups_documentpermission_id_d838bd22; Type: INDEX; Schema: public; Owner: huedb
--

CREATE INDEX documentpermission_groups_documentpermission_id_d838bd22 ON public.documentpermission_groups USING btree (documentpermission_id);


--
-- Name: documentpermission_groups_group_id_d44a4071; Type: INDEX; Schema: public; Owner: huedb
--

CREATE INDEX documentpermission_groups_group_id_d44a4071 ON public.documentpermission_groups USING btree (group_id);


--
-- Name: documentpermission_users_documentpermission_id_4546e93f; Type: INDEX; Schema: public; Owner: huedb
--

CREATE INDEX documentpermission_users_documentpermission_id_4546e93f ON public.documentpermission_users USING btree (documentpermission_id);


--
-- Name: documentpermission_users_user_id_4afc7785; Type: INDEX; Schema: public; Owner: huedb
--

CREATE INDEX documentpermission_users_user_id_4afc7785 ON public.documentpermission_users USING btree (user_id);


--
-- Name: jobsub_jobdesign_owner_id_648998a1; Type: INDEX; Schema: public; Owner: huedb
--

CREATE INDEX jobsub_jobdesign_owner_id_648998a1 ON public.jobsub_jobdesign USING btree (owner_id);


--
-- Name: jobsub_jobhistory_design_id_06d16a98; Type: INDEX; Schema: public; Owner: huedb
--

CREATE INDEX jobsub_jobhistory_design_id_06d16a98 ON public.jobsub_jobhistory USING btree (design_id);


--
-- Name: jobsub_jobhistory_owner_id_5bdaa10b; Type: INDEX; Schema: public; Owner: huedb
--

CREATE INDEX jobsub_jobhistory_owner_id_5bdaa10b ON public.jobsub_jobhistory USING btree (owner_id);


--
-- Name: jobsub_ooziedesign_owner_id_cb5405f3; Type: INDEX; Schema: public; Owner: huedb
--

CREATE INDEX jobsub_ooziedesign_owner_id_cb5405f3 ON public.jobsub_ooziedesign USING btree (owner_id);


--
-- Name: jobsub_ooziedesign_root_action_id_a68cdf79; Type: INDEX; Schema: public; Owner: huedb
--

CREATE INDEX jobsub_ooziedesign_root_action_id_a68cdf79 ON public.jobsub_ooziedesign USING btree (root_action_id);


--
-- Name: oozie_bundledcoordinator_bundle_id_c0a51e15; Type: INDEX; Schema: public; Owner: huedb
--

CREATE INDEX oozie_bundledcoordinator_bundle_id_c0a51e15 ON public.oozie_bundledcoordinator USING btree (bundle_id);


--
-- Name: oozie_bundledcoordinator_coordinator_id_deb5052a; Type: INDEX; Schema: public; Owner: huedb
--

CREATE INDEX oozie_bundledcoordinator_coordinator_id_deb5052a ON public.oozie_bundledcoordinator USING btree (coordinator_id);


--
-- Name: oozie_coordinator_coordinatorworkflow_id_b6161414; Type: INDEX; Schema: public; Owner: huedb
--

CREATE INDEX oozie_coordinator_coordinatorworkflow_id_b6161414 ON public.oozie_coordinator USING btree (coordinatorworkflow_id);


--
-- Name: oozie_datainput_coordinator_id_d8d911b9; Type: INDEX; Schema: public; Owner: huedb
--

CREATE INDEX oozie_datainput_coordinator_id_d8d911b9 ON public.oozie_datainput USING btree (coordinator_id);


--
-- Name: oozie_dataoutput_coordinator_id_12e73c29; Type: INDEX; Schema: public; Owner: huedb
--

CREATE INDEX oozie_dataoutput_coordinator_id_12e73c29 ON public.oozie_dataoutput USING btree (coordinator_id);


--
-- Name: oozie_dataset_coordinator_id_4d1eb286; Type: INDEX; Schema: public; Owner: huedb
--

CREATE INDEX oozie_dataset_coordinator_id_4d1eb286 ON public.oozie_dataset USING btree (coordinator_id);


--
-- Name: oozie_history_job_id_fbea900b; Type: INDEX; Schema: public; Owner: huedb
--

CREATE INDEX oozie_history_job_id_fbea900b ON public.oozie_history USING btree (job_id);


--
-- Name: oozie_history_submission_date_85ff5210; Type: INDEX; Schema: public; Owner: huedb
--

CREATE INDEX oozie_history_submission_date_85ff5210 ON public.oozie_history USING btree (submission_date);


--
-- Name: oozie_history_submitter_id_b55e2183; Type: INDEX; Schema: public; Owner: huedb
--

CREATE INDEX oozie_history_submitter_id_b55e2183 ON public.oozie_history USING btree (submitter_id);


--
-- Name: oozie_job_is_shared_353b5458; Type: INDEX; Schema: public; Owner: huedb
--

CREATE INDEX oozie_job_is_shared_353b5458 ON public.oozie_job USING btree (is_shared);


--
-- Name: oozie_job_is_trashed_da42d7e5; Type: INDEX; Schema: public; Owner: huedb
--

CREATE INDEX oozie_job_is_trashed_da42d7e5 ON public.oozie_job USING btree (is_trashed);


--
-- Name: oozie_job_last_modified_75350e87; Type: INDEX; Schema: public; Owner: huedb
--

CREATE INDEX oozie_job_last_modified_75350e87 ON public.oozie_job USING btree (last_modified);


--
-- Name: oozie_job_owner_id_c255618e; Type: INDEX; Schema: public; Owner: huedb
--

CREATE INDEX oozie_job_owner_id_c255618e ON public.oozie_job USING btree (owner_id);


--
-- Name: oozie_link_child_id_c3e8341e; Type: INDEX; Schema: public; Owner: huedb
--

CREATE INDEX oozie_link_child_id_c3e8341e ON public.oozie_link USING btree (child_id);


--
-- Name: oozie_link_parent_id_5b2a2286; Type: INDEX; Schema: public; Owner: huedb
--

CREATE INDEX oozie_link_parent_id_5b2a2286 ON public.oozie_link USING btree (parent_id);


--
-- Name: oozie_node_workflow_id_a6bd1a69; Type: INDEX; Schema: public; Owner: huedb
--

CREATE INDEX oozie_node_workflow_id_a6bd1a69 ON public.oozie_node USING btree (workflow_id);


--
-- Name: oozie_subworkflow_sub_workflow_id_4e2908b9; Type: INDEX; Schema: public; Owner: huedb
--

CREATE INDEX oozie_subworkflow_sub_workflow_id_4e2908b9 ON public.oozie_subworkflow USING btree (sub_workflow_id);


--
-- Name: oozie_workflow_end_id_2f6d0f36; Type: INDEX; Schema: public; Owner: huedb
--

CREATE INDEX oozie_workflow_end_id_2f6d0f36 ON public.oozie_workflow USING btree (end_id);


--
-- Name: oozie_workflow_start_id_677c5e08; Type: INDEX; Schema: public; Owner: huedb
--

CREATE INDEX oozie_workflow_start_id_677c5e08 ON public.oozie_workflow USING btree (start_id);


--
-- Name: pig_document_is_design_f1e0139b; Type: INDEX; Schema: public; Owner: huedb
--

CREATE INDEX pig_document_is_design_f1e0139b ON public.pig_document USING btree (is_design);


--
-- Name: pig_document_owner_id_27d3660e; Type: INDEX; Schema: public; Owner: huedb
--

CREATE INDEX pig_document_owner_id_27d3660e ON public.pig_document USING btree (owner_id);


--
-- Name: useradmin_grouppermission_group_id_da9c1a34; Type: INDEX; Schema: public; Owner: huedb
--

CREATE INDEX useradmin_grouppermission_group_id_da9c1a34 ON public.useradmin_grouppermission USING btree (group_id);


--
-- Name: useradmin_grouppermission_hue_permission_id_ece6426f; Type: INDEX; Schema: public; Owner: huedb
--

CREATE INDEX useradmin_grouppermission_hue_permission_id_ece6426f ON public.useradmin_grouppermission USING btree (hue_permission_id);


--
-- Name: useradmin_ldapgroup_group_id_162e4d49; Type: INDEX; Schema: public; Owner: huedb
--

CREATE INDEX useradmin_ldapgroup_group_id_162e4d49 ON public.useradmin_ldapgroup USING btree (group_id);


--
-- Name: useradmin_userprofile_last_activity_c0e0b56b; Type: INDEX; Schema: public; Owner: huedb
--

CREATE INDEX useradmin_userprofile_last_activity_c0e0b56b ON public.useradmin_userprofile USING btree (last_activity);


--
-- Name: auth_group_permissio_permission_id_84c5c92e_fk_auth_perm; Type: FK CONSTRAINT; Schema: public; Owner: huedb
--

ALTER TABLE ONLY public.auth_group_permissions
    ADD CONSTRAINT auth_group_permissio_permission_id_84c5c92e_fk_auth_perm FOREIGN KEY (permission_id) REFERENCES public.auth_permission(id) DEFERRABLE INITIALLY DEFERRED;


--
-- Name: auth_group_permissions_group_id_b120cbf9_fk_auth_group_id; Type: FK CONSTRAINT; Schema: public; Owner: huedb
--

ALTER TABLE ONLY public.auth_group_permissions
    ADD CONSTRAINT auth_group_permissions_group_id_b120cbf9_fk_auth_group_id FOREIGN KEY (group_id) REFERENCES public.auth_group(id) DEFERRABLE INITIALLY DEFERRED;


--
-- Name: auth_permission_content_type_id_2f476e4b_fk_django_co; Type: FK CONSTRAINT; Schema: public; Owner: huedb
--

ALTER TABLE ONLY public.auth_permission
    ADD CONSTRAINT auth_permission_content_type_id_2f476e4b_fk_django_co FOREIGN KEY (content_type_id) REFERENCES public.django_content_type(id) DEFERRABLE INITIALLY DEFERRED;


--
-- Name: auth_user_groups_group_id_97559544_fk_auth_group_id; Type: FK CONSTRAINT; Schema: public; Owner: huedb
--

ALTER TABLE ONLY public.auth_user_groups
    ADD CONSTRAINT auth_user_groups_group_id_97559544_fk_auth_group_id FOREIGN KEY (group_id) REFERENCES public.auth_group(id) DEFERRABLE INITIALLY DEFERRED;


--
-- Name: auth_user_groups_user_id_6a12ed8b_fk_auth_user_id; Type: FK CONSTRAINT; Schema: public; Owner: huedb
--

ALTER TABLE ONLY public.auth_user_groups
    ADD CONSTRAINT auth_user_groups_user_id_6a12ed8b_fk_auth_user_id FOREIGN KEY (user_id) REFERENCES public.auth_user(id) DEFERRABLE INITIALLY DEFERRED;


--
-- Name: auth_user_user_permi_permission_id_1fbb5f2c_fk_auth_perm; Type: FK CONSTRAINT; Schema: public; Owner: huedb
--

ALTER TABLE ONLY public.auth_user_user_permissions
    ADD CONSTRAINT auth_user_user_permi_permission_id_1fbb5f2c_fk_auth_perm FOREIGN KEY (permission_id) REFERENCES public.auth_permission(id) DEFERRABLE INITIALLY DEFERRED;


--
-- Name: auth_user_user_permissions_user_id_a95ead1b_fk_auth_user_id; Type: FK CONSTRAINT; Schema: public; Owner: huedb
--

ALTER TABLE ONLY public.auth_user_user_permissions
    ADD CONSTRAINT auth_user_user_permissions_user_id_a95ead1b_fk_auth_user_id FOREIGN KEY (user_id) REFERENCES public.auth_user(id) DEFERRABLE INITIALLY DEFERRED;


--
-- Name: beeswax_queryhistory_design_id_8b19f1ba_fk_beeswax_s; Type: FK CONSTRAINT; Schema: public; Owner: huedb
--

ALTER TABLE ONLY public.beeswax_queryhistory
    ADD CONSTRAINT beeswax_queryhistory_design_id_8b19f1ba_fk_beeswax_s FOREIGN KEY (design_id) REFERENCES public.beeswax_savedquery(id) DEFERRABLE INITIALLY DEFERRED;


--
-- Name: beeswax_queryhistory_owner_id_f56d0c52_fk_auth_user_id; Type: FK CONSTRAINT; Schema: public; Owner: huedb
--

ALTER TABLE ONLY public.beeswax_queryhistory
    ADD CONSTRAINT beeswax_queryhistory_owner_id_f56d0c52_fk_auth_user_id FOREIGN KEY (owner_id) REFERENCES public.auth_user(id) DEFERRABLE INITIALLY DEFERRED;


--
-- Name: beeswax_savedquery_owner_id_f98eb824_fk_auth_user_id; Type: FK CONSTRAINT; Schema: public; Owner: huedb
--

ALTER TABLE ONLY public.beeswax_savedquery
    ADD CONSTRAINT beeswax_savedquery_owner_id_f98eb824_fk_auth_user_id FOREIGN KEY (owner_id) REFERENCES public.auth_user(id) DEFERRABLE INITIALLY DEFERRED;


--
-- Name: beeswax_session_owner_id_46797e50_fk_auth_user_id; Type: FK CONSTRAINT; Schema: public; Owner: huedb
--

ALTER TABLE ONLY public.beeswax_session
    ADD CONSTRAINT beeswax_session_owner_id_46797e50_fk_auth_user_id FOREIGN KEY (owner_id) REFERENCES public.auth_user(id) DEFERRABLE INITIALLY DEFERRED;


--
-- Name: defaultconfiguration_defaultconfiguration_16cbc944_fk_desktop_d; Type: FK CONSTRAINT; Schema: public; Owner: huedb
--

ALTER TABLE ONLY public.defaultconfiguration_groups
    ADD CONSTRAINT defaultconfiguration_defaultconfiguration_16cbc944_fk_desktop_d FOREIGN KEY (defaultconfiguration_id) REFERENCES public.desktop_defaultconfiguration(id) DEFERRABLE INITIALLY DEFERRED;


--
-- Name: defaultconfiguration_groups_group_id_f9733e62_fk_auth_group_id; Type: FK CONSTRAINT; Schema: public; Owner: huedb
--

ALTER TABLE ONLY public.defaultconfiguration_groups
    ADD CONSTRAINT defaultconfiguration_groups_group_id_f9733e62_fk_auth_group_id FOREIGN KEY (group_id) REFERENCES public.auth_group(id) DEFERRABLE INITIALLY DEFERRED;


--
-- Name: desktop_defaultconfiguration_user_id_8611da32_fk_auth_user_id; Type: FK CONSTRAINT; Schema: public; Owner: huedb
--

ALTER TABLE ONLY public.desktop_defaultconfiguration
    ADD CONSTRAINT desktop_defaultconfiguration_user_id_8611da32_fk_auth_user_id FOREIGN KEY (user_id) REFERENCES public.auth_user(id) DEFERRABLE INITIALLY DEFERRED;


--
-- Name: desktop_document2_de_from_document2_id_e5f62f5a_fk_desktop_d; Type: FK CONSTRAINT; Schema: public; Owner: huedb
--

ALTER TABLE ONLY public.desktop_document2_dependencies
    ADD CONSTRAINT desktop_document2_de_from_document2_id_e5f62f5a_fk_desktop_d FOREIGN KEY (from_document2_id) REFERENCES public.desktop_document2(id) DEFERRABLE INITIALLY DEFERRED;


--
-- Name: desktop_document2_de_to_document2_id_2a18afeb_fk_desktop_d; Type: FK CONSTRAINT; Schema: public; Owner: huedb
--

ALTER TABLE ONLY public.desktop_document2_dependencies
    ADD CONSTRAINT desktop_document2_de_to_document2_id_2a18afeb_fk_desktop_d FOREIGN KEY (to_document2_id) REFERENCES public.desktop_document2(id) DEFERRABLE INITIALLY DEFERRED;


--
-- Name: desktop_document2_owner_id_342662fe_fk_auth_user_id; Type: FK CONSTRAINT; Schema: public; Owner: huedb
--

ALTER TABLE ONLY public.desktop_document2
    ADD CONSTRAINT desktop_document2_owner_id_342662fe_fk_auth_user_id FOREIGN KEY (owner_id) REFERENCES public.auth_user(id) DEFERRABLE INITIALLY DEFERRED;


--
-- Name: desktop_document2_parent_directory_id_428ead9c_fk_desktop_d; Type: FK CONSTRAINT; Schema: public; Owner: huedb
--

ALTER TABLE ONLY public.desktop_document2
    ADD CONSTRAINT desktop_document2_parent_directory_id_428ead9c_fk_desktop_d FOREIGN KEY (parent_directory_id) REFERENCES public.desktop_document2(id) DEFERRABLE INITIALLY DEFERRED;


--
-- Name: desktop_document2per_doc_id_b851e790_fk_desktop_d; Type: FK CONSTRAINT; Schema: public; Owner: huedb
--

ALTER TABLE ONLY public.desktop_document2permission
    ADD CONSTRAINT desktop_document2per_doc_id_b851e790_fk_desktop_d FOREIGN KEY (doc_id) REFERENCES public.desktop_document2(id) DEFERRABLE INITIALLY DEFERRED;


--
-- Name: desktop_document_content_type_id_fe7f05ef_fk_django_co; Type: FK CONSTRAINT; Schema: public; Owner: huedb
--

ALTER TABLE ONLY public.desktop_document
    ADD CONSTRAINT desktop_document_content_type_id_fe7f05ef_fk_django_co FOREIGN KEY (content_type_id) REFERENCES public.django_content_type(id) DEFERRABLE INITIALLY DEFERRED;


--
-- Name: desktop_document_owner_id_6209716b_fk_auth_user_id; Type: FK CONSTRAINT; Schema: public; Owner: huedb
--

ALTER TABLE ONLY public.desktop_document
    ADD CONSTRAINT desktop_document_owner_id_6209716b_fk_auth_user_id FOREIGN KEY (owner_id) REFERENCES public.auth_user(id) DEFERRABLE INITIALLY DEFERRED;


--
-- Name: desktop_document_tag_document_id_97885747_fk_desktop_d; Type: FK CONSTRAINT; Schema: public; Owner: huedb
--

ALTER TABLE ONLY public.desktop_document_tags
    ADD CONSTRAINT desktop_document_tag_document_id_97885747_fk_desktop_d FOREIGN KEY (document_id) REFERENCES public.desktop_document(id) DEFERRABLE INITIALLY DEFERRED;


--
-- Name: desktop_document_tag_documenttag_id_4ac450c6_fk_desktop_d; Type: FK CONSTRAINT; Schema: public; Owner: huedb
--

ALTER TABLE ONLY public.desktop_document_tags
    ADD CONSTRAINT desktop_document_tag_documenttag_id_4ac450c6_fk_desktop_d FOREIGN KEY (documenttag_id) REFERENCES public.desktop_documenttag(id) DEFERRABLE INITIALLY DEFERRED;


--
-- Name: desktop_documentperm_doc_id_f3913804_fk_desktop_d; Type: FK CONSTRAINT; Schema: public; Owner: huedb
--

ALTER TABLE ONLY public.desktop_documentpermission
    ADD CONSTRAINT desktop_documentperm_doc_id_f3913804_fk_desktop_d FOREIGN KEY (doc_id) REFERENCES public.desktop_document(id) DEFERRABLE INITIALLY DEFERRED;


--
-- Name: desktop_documenttag_owner_id_74dfe3a5_fk_auth_user_id; Type: FK CONSTRAINT; Schema: public; Owner: huedb
--

ALTER TABLE ONLY public.desktop_documenttag
    ADD CONSTRAINT desktop_documenttag_owner_id_74dfe3a5_fk_auth_user_id FOREIGN KEY (owner_id) REFERENCES public.auth_user(id) DEFERRABLE INITIALLY DEFERRED;


--
-- Name: desktop_userpreferences_user_id_f372df8e_fk_auth_user_id; Type: FK CONSTRAINT; Schema: public; Owner: huedb
--

ALTER TABLE ONLY public.desktop_userpreferences
    ADD CONSTRAINT desktop_userpreferences_user_id_f372df8e_fk_auth_user_id FOREIGN KEY (user_id) REFERENCES public.auth_user(id) DEFERRABLE INITIALLY DEFERRED;


--
-- Name: django_admin_log_content_type_id_c4bce8eb_fk_django_co; Type: FK CONSTRAINT; Schema: public; Owner: huedb
--

ALTER TABLE ONLY public.django_admin_log
    ADD CONSTRAINT django_admin_log_content_type_id_c4bce8eb_fk_django_co FOREIGN KEY (content_type_id) REFERENCES public.django_content_type(id) DEFERRABLE INITIALLY DEFERRED;


--
-- Name: django_admin_log_user_id_c564eba6_fk_auth_user_id; Type: FK CONSTRAINT; Schema: public; Owner: huedb
--

ALTER TABLE ONLY public.django_admin_log
    ADD CONSTRAINT django_admin_log_user_id_c564eba6_fk_auth_user_id FOREIGN KEY (user_id) REFERENCES public.auth_user(id) DEFERRABLE INITIALLY DEFERRED;


--
-- Name: django_openid_auth_useropenid_user_id_707d846c_fk_auth_user_id; Type: FK CONSTRAINT; Schema: public; Owner: huedb
--

ALTER TABLE ONLY public.django_openid_auth_useropenid
    ADD CONSTRAINT django_openid_auth_useropenid_user_id_707d846c_fk_auth_user_id FOREIGN KEY (user_id) REFERENCES public.auth_user(id) DEFERRABLE INITIALLY DEFERRED;


--
-- Name: documentpermission2__document2permission__1f9f783b_fk_desktop_d; Type: FK CONSTRAINT; Schema: public; Owner: huedb
--

ALTER TABLE ONLY public.documentpermission2_groups
    ADD CONSTRAINT documentpermission2__document2permission__1f9f783b_fk_desktop_d FOREIGN KEY (document2permission_id) REFERENCES public.desktop_document2permission(id) DEFERRABLE INITIALLY DEFERRED;


--
-- Name: documentpermission2__document2permission__ad7af084_fk_desktop_d; Type: FK CONSTRAINT; Schema: public; Owner: huedb
--

ALTER TABLE ONLY public.documentpermission2_users
    ADD CONSTRAINT documentpermission2__document2permission__ad7af084_fk_desktop_d FOREIGN KEY (document2permission_id) REFERENCES public.desktop_document2permission(id) DEFERRABLE INITIALLY DEFERRED;


--
-- Name: documentpermission2_groups_group_id_7efb8a45_fk_auth_group_id; Type: FK CONSTRAINT; Schema: public; Owner: huedb
--

ALTER TABLE ONLY public.documentpermission2_groups
    ADD CONSTRAINT documentpermission2_groups_group_id_7efb8a45_fk_auth_group_id FOREIGN KEY (group_id) REFERENCES public.auth_group(id) DEFERRABLE INITIALLY DEFERRED;


--
-- Name: documentpermission2_users_user_id_848e20ce_fk_auth_user_id; Type: FK CONSTRAINT; Schema: public; Owner: huedb
--

ALTER TABLE ONLY public.documentpermission2_users
    ADD CONSTRAINT documentpermission2_users_user_id_848e20ce_fk_auth_user_id FOREIGN KEY (user_id) REFERENCES public.auth_user(id) DEFERRABLE INITIALLY DEFERRED;


--
-- Name: documentpermission_g_documentpermission_i_d838bd22_fk_desktop_d; Type: FK CONSTRAINT; Schema: public; Owner: huedb
--

ALTER TABLE ONLY public.documentpermission_groups
    ADD CONSTRAINT documentpermission_g_documentpermission_i_d838bd22_fk_desktop_d FOREIGN KEY (documentpermission_id) REFERENCES public.desktop_documentpermission(id) DEFERRABLE INITIALLY DEFERRED;


--
-- Name: documentpermission_groups_group_id_d44a4071_fk_auth_group_id; Type: FK CONSTRAINT; Schema: public; Owner: huedb
--

ALTER TABLE ONLY public.documentpermission_groups
    ADD CONSTRAINT documentpermission_groups_group_id_d44a4071_fk_auth_group_id FOREIGN KEY (group_id) REFERENCES public.auth_group(id) DEFERRABLE INITIALLY DEFERRED;


--
-- Name: documentpermission_u_documentpermission_i_4546e93f_fk_desktop_d; Type: FK CONSTRAINT; Schema: public; Owner: huedb
--

ALTER TABLE ONLY public.documentpermission_users
    ADD CONSTRAINT documentpermission_u_documentpermission_i_4546e93f_fk_desktop_d FOREIGN KEY (documentpermission_id) REFERENCES public.desktop_documentpermission(id) DEFERRABLE INITIALLY DEFERRED;


--
-- Name: documentpermission_users_user_id_4afc7785_fk_auth_user_id; Type: FK CONSTRAINT; Schema: public; Owner: huedb
--

ALTER TABLE ONLY public.documentpermission_users
    ADD CONSTRAINT documentpermission_users_user_id_4afc7785_fk_auth_user_id FOREIGN KEY (user_id) REFERENCES public.auth_user(id) DEFERRABLE INITIALLY DEFERRED;


--
-- Name: jobsub_jobdesign_owner_id_648998a1_fk_auth_user_id; Type: FK CONSTRAINT; Schema: public; Owner: huedb
--

ALTER TABLE ONLY public.jobsub_jobdesign
    ADD CONSTRAINT jobsub_jobdesign_owner_id_648998a1_fk_auth_user_id FOREIGN KEY (owner_id) REFERENCES public.auth_user(id) DEFERRABLE INITIALLY DEFERRED;


--
-- Name: jobsub_jobhistory_design_id_06d16a98_fk_jobsub_ooziedesign_id; Type: FK CONSTRAINT; Schema: public; Owner: huedb
--

ALTER TABLE ONLY public.jobsub_jobhistory
    ADD CONSTRAINT jobsub_jobhistory_design_id_06d16a98_fk_jobsub_ooziedesign_id FOREIGN KEY (design_id) REFERENCES public.jobsub_ooziedesign(id) DEFERRABLE INITIALLY DEFERRED;


--
-- Name: jobsub_jobhistory_owner_id_5bdaa10b_fk_auth_user_id; Type: FK CONSTRAINT; Schema: public; Owner: huedb
--

ALTER TABLE ONLY public.jobsub_jobhistory
    ADD CONSTRAINT jobsub_jobhistory_owner_id_5bdaa10b_fk_auth_user_id FOREIGN KEY (owner_id) REFERENCES public.auth_user(id) DEFERRABLE INITIALLY DEFERRED;


--
-- Name: jobsub_ooziedesign_owner_id_cb5405f3_fk_auth_user_id; Type: FK CONSTRAINT; Schema: public; Owner: huedb
--

ALTER TABLE ONLY public.jobsub_ooziedesign
    ADD CONSTRAINT jobsub_ooziedesign_owner_id_cb5405f3_fk_auth_user_id FOREIGN KEY (owner_id) REFERENCES public.auth_user(id) DEFERRABLE INITIALLY DEFERRED;


--
-- Name: jobsub_ooziedesign_root_action_id_a68cdf79_fk_jobsub_oo; Type: FK CONSTRAINT; Schema: public; Owner: huedb
--

ALTER TABLE ONLY public.jobsub_ooziedesign
    ADD CONSTRAINT jobsub_ooziedesign_root_action_id_a68cdf79_fk_jobsub_oo FOREIGN KEY (root_action_id) REFERENCES public.jobsub_oozieaction(id) DEFERRABLE INITIALLY DEFERRED;


--
-- Name: jobsub_ooziejavaacti_oozieaction_ptr_id_0f52fef4_fk_jobsub_oo; Type: FK CONSTRAINT; Schema: public; Owner: huedb
--

ALTER TABLE ONLY public.jobsub_ooziejavaaction
    ADD CONSTRAINT jobsub_ooziejavaacti_oozieaction_ptr_id_0f52fef4_fk_jobsub_oo FOREIGN KEY (oozieaction_ptr_id) REFERENCES public.jobsub_oozieaction(id) DEFERRABLE INITIALLY DEFERRED;


--
-- Name: jobsub_ooziemapreduc_oozieaction_ptr_id_92fe5d48_fk_jobsub_oo; Type: FK CONSTRAINT; Schema: public; Owner: huedb
--

ALTER TABLE ONLY public.jobsub_ooziemapreduceaction
    ADD CONSTRAINT jobsub_ooziemapreduc_oozieaction_ptr_id_92fe5d48_fk_jobsub_oo FOREIGN KEY (oozieaction_ptr_id) REFERENCES public.jobsub_oozieaction(id) DEFERRABLE INITIALLY DEFERRED;


--
-- Name: jobsub_ooziestreamin_oozieaction_ptr_id_8007acc7_fk_jobsub_oo; Type: FK CONSTRAINT; Schema: public; Owner: huedb
--

ALTER TABLE ONLY public.jobsub_ooziestreamingaction
    ADD CONSTRAINT jobsub_ooziestreamin_oozieaction_ptr_id_8007acc7_fk_jobsub_oo FOREIGN KEY (oozieaction_ptr_id) REFERENCES public.jobsub_oozieaction(id) DEFERRABLE INITIALLY DEFERRED;


--
-- Name: oozie_bundle_job_ptr_id_0c53aa88_fk_oozie_job_id; Type: FK CONSTRAINT; Schema: public; Owner: huedb
--

ALTER TABLE ONLY public.oozie_bundle
    ADD CONSTRAINT oozie_bundle_job_ptr_id_0c53aa88_fk_oozie_job_id FOREIGN KEY (job_ptr_id) REFERENCES public.oozie_job(id) DEFERRABLE INITIALLY DEFERRED;


--
-- Name: oozie_bundledcoordin_bundle_id_c0a51e15_fk_oozie_bun; Type: FK CONSTRAINT; Schema: public; Owner: huedb
--

ALTER TABLE ONLY public.oozie_bundledcoordinator
    ADD CONSTRAINT oozie_bundledcoordin_bundle_id_c0a51e15_fk_oozie_bun FOREIGN KEY (bundle_id) REFERENCES public.oozie_bundle(job_ptr_id) DEFERRABLE INITIALLY DEFERRED;


--
-- Name: oozie_bundledcoordin_coordinator_id_deb5052a_fk_oozie_coo; Type: FK CONSTRAINT; Schema: public; Owner: huedb
--

ALTER TABLE ONLY public.oozie_bundledcoordinator
    ADD CONSTRAINT oozie_bundledcoordin_coordinator_id_deb5052a_fk_oozie_coo FOREIGN KEY (coordinator_id) REFERENCES public.oozie_coordinator(job_ptr_id) DEFERRABLE INITIALLY DEFERRED;


--
-- Name: oozie_coordinator_coordinatorworkflow__b6161414_fk_oozie_wor; Type: FK CONSTRAINT; Schema: public; Owner: huedb
--

ALTER TABLE ONLY public.oozie_coordinator
    ADD CONSTRAINT oozie_coordinator_coordinatorworkflow__b6161414_fk_oozie_wor FOREIGN KEY (coordinatorworkflow_id) REFERENCES public.oozie_workflow(job_ptr_id) DEFERRABLE INITIALLY DEFERRED;


--
-- Name: oozie_coordinator_job_ptr_id_59cbcc0c_fk_oozie_job_id; Type: FK CONSTRAINT; Schema: public; Owner: huedb
--

ALTER TABLE ONLY public.oozie_coordinator
    ADD CONSTRAINT oozie_coordinator_job_ptr_id_59cbcc0c_fk_oozie_job_id FOREIGN KEY (job_ptr_id) REFERENCES public.oozie_job(id) DEFERRABLE INITIALLY DEFERRED;


--
-- Name: oozie_datainput_coordinator_id_d8d911b9_fk_oozie_coo; Type: FK CONSTRAINT; Schema: public; Owner: huedb
--

ALTER TABLE ONLY public.oozie_datainput
    ADD CONSTRAINT oozie_datainput_coordinator_id_d8d911b9_fk_oozie_coo FOREIGN KEY (coordinator_id) REFERENCES public.oozie_coordinator(job_ptr_id) DEFERRABLE INITIALLY DEFERRED;


--
-- Name: oozie_datainput_dataset_id_5fcb31a7_fk_oozie_dataset_id; Type: FK CONSTRAINT; Schema: public; Owner: huedb
--

ALTER TABLE ONLY public.oozie_datainput
    ADD CONSTRAINT oozie_datainput_dataset_id_5fcb31a7_fk_oozie_dataset_id FOREIGN KEY (dataset_id) REFERENCES public.oozie_dataset(id) DEFERRABLE INITIALLY DEFERRED;


--
-- Name: oozie_dataoutput_coordinator_id_12e73c29_fk_oozie_coo; Type: FK CONSTRAINT; Schema: public; Owner: huedb
--

ALTER TABLE ONLY public.oozie_dataoutput
    ADD CONSTRAINT oozie_dataoutput_coordinator_id_12e73c29_fk_oozie_coo FOREIGN KEY (coordinator_id) REFERENCES public.oozie_coordinator(job_ptr_id) DEFERRABLE INITIALLY DEFERRED;


--
-- Name: oozie_dataoutput_dataset_id_84e68919_fk_oozie_dataset_id; Type: FK CONSTRAINT; Schema: public; Owner: huedb
--

ALTER TABLE ONLY public.oozie_dataoutput
    ADD CONSTRAINT oozie_dataoutput_dataset_id_84e68919_fk_oozie_dataset_id FOREIGN KEY (dataset_id) REFERENCES public.oozie_dataset(id) DEFERRABLE INITIALLY DEFERRED;


--
-- Name: oozie_dataset_coordinator_id_4d1eb286_fk_oozie_coo; Type: FK CONSTRAINT; Schema: public; Owner: huedb
--

ALTER TABLE ONLY public.oozie_dataset
    ADD CONSTRAINT oozie_dataset_coordinator_id_4d1eb286_fk_oozie_coo FOREIGN KEY (coordinator_id) REFERENCES public.oozie_coordinator(job_ptr_id) DEFERRABLE INITIALLY DEFERRED;


--
-- Name: oozie_decision_node_ptr_id_1ee18de2_fk_oozie_node_id; Type: FK CONSTRAINT; Schema: public; Owner: huedb
--

ALTER TABLE ONLY public.oozie_decision
    ADD CONSTRAINT oozie_decision_node_ptr_id_1ee18de2_fk_oozie_node_id FOREIGN KEY (node_ptr_id) REFERENCES public.oozie_node(id) DEFERRABLE INITIALLY DEFERRED;


--
-- Name: oozie_decisionend_node_ptr_id_ec0ad089_fk_oozie_node_id; Type: FK CONSTRAINT; Schema: public; Owner: huedb
--

ALTER TABLE ONLY public.oozie_decisionend
    ADD CONSTRAINT oozie_decisionend_node_ptr_id_ec0ad089_fk_oozie_node_id FOREIGN KEY (node_ptr_id) REFERENCES public.oozie_node(id) DEFERRABLE INITIALLY DEFERRED;


--
-- Name: oozie_distcp_node_ptr_id_0f63bff7_fk_oozie_node_id; Type: FK CONSTRAINT; Schema: public; Owner: huedb
--

ALTER TABLE ONLY public.oozie_distcp
    ADD CONSTRAINT oozie_distcp_node_ptr_id_0f63bff7_fk_oozie_node_id FOREIGN KEY (node_ptr_id) REFERENCES public.oozie_node(id) DEFERRABLE INITIALLY DEFERRED;


--
-- Name: oozie_email_node_ptr_id_b6164766_fk_oozie_node_id; Type: FK CONSTRAINT; Schema: public; Owner: huedb
--

ALTER TABLE ONLY public.oozie_email
    ADD CONSTRAINT oozie_email_node_ptr_id_b6164766_fk_oozie_node_id FOREIGN KEY (node_ptr_id) REFERENCES public.oozie_node(id) DEFERRABLE INITIALLY DEFERRED;


--
-- Name: oozie_end_node_ptr_id_9a6db5e6_fk_oozie_node_id; Type: FK CONSTRAINT; Schema: public; Owner: huedb
--

ALTER TABLE ONLY public.oozie_end
    ADD CONSTRAINT oozie_end_node_ptr_id_9a6db5e6_fk_oozie_node_id FOREIGN KEY (node_ptr_id) REFERENCES public.oozie_node(id) DEFERRABLE INITIALLY DEFERRED;


--
-- Name: oozie_fork_node_ptr_id_286409b0_fk_oozie_node_id; Type: FK CONSTRAINT; Schema: public; Owner: huedb
--

ALTER TABLE ONLY public.oozie_fork
    ADD CONSTRAINT oozie_fork_node_ptr_id_286409b0_fk_oozie_node_id FOREIGN KEY (node_ptr_id) REFERENCES public.oozie_node(id) DEFERRABLE INITIALLY DEFERRED;


--
-- Name: oozie_fs_node_ptr_id_324d62ec_fk_oozie_node_id; Type: FK CONSTRAINT; Schema: public; Owner: huedb
--

ALTER TABLE ONLY public.oozie_fs
    ADD CONSTRAINT oozie_fs_node_ptr_id_324d62ec_fk_oozie_node_id FOREIGN KEY (node_ptr_id) REFERENCES public.oozie_node(id) DEFERRABLE INITIALLY DEFERRED;


--
-- Name: oozie_generic_node_ptr_id_39a1a65a_fk_oozie_node_id; Type: FK CONSTRAINT; Schema: public; Owner: huedb
--

ALTER TABLE ONLY public.oozie_generic
    ADD CONSTRAINT oozie_generic_node_ptr_id_39a1a65a_fk_oozie_node_id FOREIGN KEY (node_ptr_id) REFERENCES public.oozie_node(id) DEFERRABLE INITIALLY DEFERRED;


--
-- Name: oozie_history_job_id_fbea900b_fk_oozie_job_id; Type: FK CONSTRAINT; Schema: public; Owner: huedb
--

ALTER TABLE ONLY public.oozie_history
    ADD CONSTRAINT oozie_history_job_id_fbea900b_fk_oozie_job_id FOREIGN KEY (job_id) REFERENCES public.oozie_job(id) DEFERRABLE INITIALLY DEFERRED;


--
-- Name: oozie_history_submitter_id_b55e2183_fk_auth_user_id; Type: FK CONSTRAINT; Schema: public; Owner: huedb
--

ALTER TABLE ONLY public.oozie_history
    ADD CONSTRAINT oozie_history_submitter_id_b55e2183_fk_auth_user_id FOREIGN KEY (submitter_id) REFERENCES public.auth_user(id) DEFERRABLE INITIALLY DEFERRED;


--
-- Name: oozie_hive_node_ptr_id_747c09c7_fk_oozie_node_id; Type: FK CONSTRAINT; Schema: public; Owner: huedb
--

ALTER TABLE ONLY public.oozie_hive
    ADD CONSTRAINT oozie_hive_node_ptr_id_747c09c7_fk_oozie_node_id FOREIGN KEY (node_ptr_id) REFERENCES public.oozie_node(id) DEFERRABLE INITIALLY DEFERRED;


--
-- Name: oozie_java_node_ptr_id_41ceeff8_fk_oozie_node_id; Type: FK CONSTRAINT; Schema: public; Owner: huedb
--

ALTER TABLE ONLY public.oozie_java
    ADD CONSTRAINT oozie_java_node_ptr_id_41ceeff8_fk_oozie_node_id FOREIGN KEY (node_ptr_id) REFERENCES public.oozie_node(id) DEFERRABLE INITIALLY DEFERRED;


--
-- Name: oozie_job_owner_id_c255618e_fk_auth_user_id; Type: FK CONSTRAINT; Schema: public; Owner: huedb
--

ALTER TABLE ONLY public.oozie_job
    ADD CONSTRAINT oozie_job_owner_id_c255618e_fk_auth_user_id FOREIGN KEY (owner_id) REFERENCES public.auth_user(id) DEFERRABLE INITIALLY DEFERRED;


--
-- Name: oozie_join_node_ptr_id_17901551_fk_oozie_node_id; Type: FK CONSTRAINT; Schema: public; Owner: huedb
--

ALTER TABLE ONLY public.oozie_join
    ADD CONSTRAINT oozie_join_node_ptr_id_17901551_fk_oozie_node_id FOREIGN KEY (node_ptr_id) REFERENCES public.oozie_node(id) DEFERRABLE INITIALLY DEFERRED;


--
-- Name: oozie_kill_node_ptr_id_6e3b4c7f_fk_oozie_node_id; Type: FK CONSTRAINT; Schema: public; Owner: huedb
--

ALTER TABLE ONLY public.oozie_kill
    ADD CONSTRAINT oozie_kill_node_ptr_id_6e3b4c7f_fk_oozie_node_id FOREIGN KEY (node_ptr_id) REFERENCES public.oozie_node(id) DEFERRABLE INITIALLY DEFERRED;


--
-- Name: oozie_link_child_id_c3e8341e_fk_oozie_node_id; Type: FK CONSTRAINT; Schema: public; Owner: huedb
--

ALTER TABLE ONLY public.oozie_link
    ADD CONSTRAINT oozie_link_child_id_c3e8341e_fk_oozie_node_id FOREIGN KEY (child_id) REFERENCES public.oozie_node(id) DEFERRABLE INITIALLY DEFERRED;


--
-- Name: oozie_link_parent_id_5b2a2286_fk_oozie_node_id; Type: FK CONSTRAINT; Schema: public; Owner: huedb
--

ALTER TABLE ONLY public.oozie_link
    ADD CONSTRAINT oozie_link_parent_id_5b2a2286_fk_oozie_node_id FOREIGN KEY (parent_id) REFERENCES public.oozie_node(id) DEFERRABLE INITIALLY DEFERRED;


--
-- Name: oozie_mapreduce_node_ptr_id_5ef2cd6d_fk_oozie_node_id; Type: FK CONSTRAINT; Schema: public; Owner: huedb
--

ALTER TABLE ONLY public.oozie_mapreduce
    ADD CONSTRAINT oozie_mapreduce_node_ptr_id_5ef2cd6d_fk_oozie_node_id FOREIGN KEY (node_ptr_id) REFERENCES public.oozie_node(id) DEFERRABLE INITIALLY DEFERRED;


--
-- Name: oozie_node_workflow_id_a6bd1a69_fk_oozie_workflow_job_ptr_id; Type: FK CONSTRAINT; Schema: public; Owner: huedb
--

ALTER TABLE ONLY public.oozie_node
    ADD CONSTRAINT oozie_node_workflow_id_a6bd1a69_fk_oozie_workflow_job_ptr_id FOREIGN KEY (workflow_id) REFERENCES public.oozie_workflow(job_ptr_id) DEFERRABLE INITIALLY DEFERRED;


--
-- Name: oozie_pig_node_ptr_id_251c17e0_fk_oozie_node_id; Type: FK CONSTRAINT; Schema: public; Owner: huedb
--

ALTER TABLE ONLY public.oozie_pig
    ADD CONSTRAINT oozie_pig_node_ptr_id_251c17e0_fk_oozie_node_id FOREIGN KEY (node_ptr_id) REFERENCES public.oozie_node(id) DEFERRABLE INITIALLY DEFERRED;


--
-- Name: oozie_shell_node_ptr_id_4b2d0551_fk_oozie_node_id; Type: FK CONSTRAINT; Schema: public; Owner: huedb
--

ALTER TABLE ONLY public.oozie_shell
    ADD CONSTRAINT oozie_shell_node_ptr_id_4b2d0551_fk_oozie_node_id FOREIGN KEY (node_ptr_id) REFERENCES public.oozie_node(id) DEFERRABLE INITIALLY DEFERRED;


--
-- Name: oozie_sqoop_node_ptr_id_bc17434d_fk_oozie_node_id; Type: FK CONSTRAINT; Schema: public; Owner: huedb
--

ALTER TABLE ONLY public.oozie_sqoop
    ADD CONSTRAINT oozie_sqoop_node_ptr_id_bc17434d_fk_oozie_node_id FOREIGN KEY (node_ptr_id) REFERENCES public.oozie_node(id) DEFERRABLE INITIALLY DEFERRED;


--
-- Name: oozie_ssh_node_ptr_id_f8399593_fk_oozie_node_id; Type: FK CONSTRAINT; Schema: public; Owner: huedb
--

ALTER TABLE ONLY public.oozie_ssh
    ADD CONSTRAINT oozie_ssh_node_ptr_id_f8399593_fk_oozie_node_id FOREIGN KEY (node_ptr_id) REFERENCES public.oozie_node(id) DEFERRABLE INITIALLY DEFERRED;


--
-- Name: oozie_start_node_ptr_id_845ed7e5_fk_oozie_node_id; Type: FK CONSTRAINT; Schema: public; Owner: huedb
--

ALTER TABLE ONLY public.oozie_start
    ADD CONSTRAINT oozie_start_node_ptr_id_845ed7e5_fk_oozie_node_id FOREIGN KEY (node_ptr_id) REFERENCES public.oozie_node(id) DEFERRABLE INITIALLY DEFERRED;


--
-- Name: oozie_streaming_node_ptr_id_33986c0c_fk_oozie_node_id; Type: FK CONSTRAINT; Schema: public; Owner: huedb
--

ALTER TABLE ONLY public.oozie_streaming
    ADD CONSTRAINT oozie_streaming_node_ptr_id_33986c0c_fk_oozie_node_id FOREIGN KEY (node_ptr_id) REFERENCES public.oozie_node(id) DEFERRABLE INITIALLY DEFERRED;


--
-- Name: oozie_subworkflow_node_ptr_id_6d9b076e_fk_oozie_node_id; Type: FK CONSTRAINT; Schema: public; Owner: huedb
--

ALTER TABLE ONLY public.oozie_subworkflow
    ADD CONSTRAINT oozie_subworkflow_node_ptr_id_6d9b076e_fk_oozie_node_id FOREIGN KEY (node_ptr_id) REFERENCES public.oozie_node(id) DEFERRABLE INITIALLY DEFERRED;


--
-- Name: oozie_subworkflow_sub_workflow_id_4e2908b9_fk_oozie_wor; Type: FK CONSTRAINT; Schema: public; Owner: huedb
--

ALTER TABLE ONLY public.oozie_subworkflow
    ADD CONSTRAINT oozie_subworkflow_sub_workflow_id_4e2908b9_fk_oozie_wor FOREIGN KEY (sub_workflow_id) REFERENCES public.oozie_workflow(job_ptr_id) DEFERRABLE INITIALLY DEFERRED;


--
-- Name: oozie_workflow_end_id_2f6d0f36_fk_oozie_end_node_ptr_id; Type: FK CONSTRAINT; Schema: public; Owner: huedb
--

ALTER TABLE ONLY public.oozie_workflow
    ADD CONSTRAINT oozie_workflow_end_id_2f6d0f36_fk_oozie_end_node_ptr_id FOREIGN KEY (end_id) REFERENCES public.oozie_end(node_ptr_id) DEFERRABLE INITIALLY DEFERRED;


--
-- Name: oozie_workflow_job_ptr_id_8f44b9da_fk_oozie_job_id; Type: FK CONSTRAINT; Schema: public; Owner: huedb
--

ALTER TABLE ONLY public.oozie_workflow
    ADD CONSTRAINT oozie_workflow_job_ptr_id_8f44b9da_fk_oozie_job_id FOREIGN KEY (job_ptr_id) REFERENCES public.oozie_job(id) DEFERRABLE INITIALLY DEFERRED;


--
-- Name: oozie_workflow_start_id_677c5e08_fk_oozie_start_node_ptr_id; Type: FK CONSTRAINT; Schema: public; Owner: huedb
--

ALTER TABLE ONLY public.oozie_workflow
    ADD CONSTRAINT oozie_workflow_start_id_677c5e08_fk_oozie_start_node_ptr_id FOREIGN KEY (start_id) REFERENCES public.oozie_start(node_ptr_id) DEFERRABLE INITIALLY DEFERRED;


--
-- Name: pig_document_owner_id_27d3660e_fk_auth_user_id; Type: FK CONSTRAINT; Schema: public; Owner: huedb
--

ALTER TABLE ONLY public.pig_document
    ADD CONSTRAINT pig_document_owner_id_27d3660e_fk_auth_user_id FOREIGN KEY (owner_id) REFERENCES public.auth_user(id) DEFERRABLE INITIALLY DEFERRED;


--
-- Name: pig_pigscript_document_ptr_id_8cbae244_fk_pig_document_id; Type: FK CONSTRAINT; Schema: public; Owner: huedb
--

ALTER TABLE ONLY public.pig_pigscript
    ADD CONSTRAINT pig_pigscript_document_ptr_id_8cbae244_fk_pig_document_id FOREIGN KEY (document_ptr_id) REFERENCES public.pig_document(id) DEFERRABLE INITIALLY DEFERRED;


--
-- Name: useradmin_grouppermi_hue_permission_id_ece6426f_fk_useradmin; Type: FK CONSTRAINT; Schema: public; Owner: huedb
--

ALTER TABLE ONLY public.useradmin_grouppermission
    ADD CONSTRAINT useradmin_grouppermi_hue_permission_id_ece6426f_fk_useradmin FOREIGN KEY (hue_permission_id) REFERENCES public.useradmin_huepermission(id) DEFERRABLE INITIALLY DEFERRED;


--
-- Name: useradmin_grouppermission_group_id_da9c1a34_fk_auth_group_id; Type: FK CONSTRAINT; Schema: public; Owner: huedb
--

ALTER TABLE ONLY public.useradmin_grouppermission
    ADD CONSTRAINT useradmin_grouppermission_group_id_da9c1a34_fk_auth_group_id FOREIGN KEY (group_id) REFERENCES public.auth_group(id) DEFERRABLE INITIALLY DEFERRED;


--
-- Name: useradmin_ldapgroup_group_id_162e4d49_fk_auth_group_id; Type: FK CONSTRAINT; Schema: public; Owner: huedb
--

ALTER TABLE ONLY public.useradmin_ldapgroup
    ADD CONSTRAINT useradmin_ldapgroup_group_id_162e4d49_fk_auth_group_id FOREIGN KEY (group_id) REFERENCES public.auth_group(id) DEFERRABLE INITIALLY DEFERRED;


--
-- Name: useradmin_userprofile_user_id_6333d17b_fk_auth_user_id; Type: FK CONSTRAINT; Schema: public; Owner: huedb
--

ALTER TABLE ONLY public.useradmin_userprofile
    ADD CONSTRAINT useradmin_userprofile_user_id_6333d17b_fk_auth_user_id FOREIGN KEY (user_id) REFERENCES public.auth_user(id) DEFERRABLE INITIALLY DEFERRED;


--
-- Name: SCHEMA public; Type: ACL; Schema: -; Owner: postgres
--

REVOKE ALL ON SCHEMA public FROM PUBLIC;
REVOKE ALL ON SCHEMA public FROM postgres;
GRANT ALL ON SCHEMA public TO postgres;
GRANT ALL ON SCHEMA public TO PUBLIC;


--
-- PostgreSQL database dump complete
--

